Student Name,Gender,Class,Roll Number,Age,Father Name,Mother Name,Contact Number,Admission Number,Aadhaar Number,APPAR Number,Blood Group
Rajesh Sharma,Boy,PG,1,4,Mr. Kabir Sharma,Mrs. Myra Sharma,6593579964,10001,398234554803,197656808122,O+
Meera Yadav,Girl,PG,2,3,Mr. Aarav Yadav,Mrs. Neha Yadav,9134795892,10002,751792431278,463501734053,A+
Saanvi Mukherjee,Girl,PG,3,4,Mr. Aditya Mukherjee,Mrs. Pooja Mukherjee,6501051513,10003,946783378555,218719074911,A-
Aadhya Mehta,Girl,PG,4,4,Mr. Kabir Mehta,Mrs. Zara Mehta,6788158130,10004,495190058970,329707038048,O-
Pooja Sharma,Girl,PG,5,3,Mr. Aarav Sharma,Mrs. Priya Sharma,7682734909,10005,912289542638,896114831736,A+
Vikram Bose,Boy,PG,6,4,Mr. Vihaan Bose,Mrs. Kiara Bose,9391552145,10006,445227471629,399961636447,B-
Anya Mishra,Girl,PG,7,4,Mr. Rahul Mishra,Mrs. Priya Mishra,8686486823,10007,943910425117,983311384188,AB+
Neha Reddy,Girl,PG,8,3,Mr. Karan Reddy,Mrs. Swati Reddy,7382468105,10008,616093283669,267905259946,O+
Sai Pandey,Boy,PG,9,3,Mr. Rohan Pandey,Mrs. Priya Pandey,8709168241,10009,414851602225,182267539522,A+
Zara Jain,Girl,PG,10,3,Mr. Karan Jain,Mrs. Meera Jain,9155987208,10010,948193294504,629786032403,A+
Neha Ghosh,Girl,PG,11,4,Mr. Aarav Ghosh,Mrs. Priya Ghosh,8952176501,10011,632419347944,422628312591,O+
Rajesh Mukherjee,Boy,PG,12,4,Mr. Vihaan Mukherjee,Mrs. Pooja Mukherjee,6306626743,10012,951371935656,662788247677,O-
Priya Kumar,Girl,PG,13,4,Mr. Aditya Kumar,Mrs. Nisha Kumar,6918462347,10013,361119784672,857785568262,O+
Aarav Pandey,Boy,PG,14,3,Mr. Rohan Pandey,Mrs. Myra Pandey,8176922409,10014,390705671527,125111526029,A-
Aditya Reddy,Boy,PG,15,4,Mr. Aditya Reddy,Mrs. Priya Reddy,6220354807,10015,426655308487,293977344111,B+
Rahul Mishra,Boy,PG,16,4,Mr. Dev Mishra,Mrs. Riya Mishra,6207034777,10016,474739291717,371497035113,O+
Nisha Bose,Girl,PG,17,4,Mr. Vikram Bose,Mrs. Nisha Bose,9494157264,10017,282946700958,921318567637,O+
Meera Gupta,Girl,PG,18,3,Mr. Kabir Gupta,Mrs. Kavya Gupta,9566193725,10018,178509692934,147030546218,O-
Vikram Reddy,Boy,PG,19,4,Mr. Rishi Reddy,Mrs. Myra Reddy,9932586554,10019,157447844608,103042467651,AB+
Kunal Bose,Boy,PG,20,4,Mr. Kabir Bose,Mrs. Riya Bose,6601466023,10020,591968213246,488093699528,A-
Kiara Patel,Girl,PG,21,3,Mr. Aarav Patel,Mrs. Swati Patel,9965431544,10021,784539433052,858443448173,AB+
Saanvi Patel,Girl,PG,22,4,Mr. Aditya Patel,Mrs. Kavya Patel,8584480948,10022,870268004055,700263750419,A-
Aarav Ghosh,Boy,PG,23,3,Mr. Rohan Ghosh,Mrs. Kiara Ghosh,6101367283,10023,761792173966,729926089912,O-
Aarav Yadav,Boy,PG,24,4,Mr. Krishna Yadav,Mrs. Tara Yadav,8616608548,10024,956486685000,179445650236,A+
Karan Reddy,Boy,PG,25,3,Mr. Dev Reddy,Mrs. Nisha Reddy,9502965163,10025,779314226159,458711790313,B+
Dhruv Jain,Boy,PG,26,3,Mr. Dev Jain,Mrs. Tara Jain,7491852329,10026,307403220184,718385848463,B-
Yash Gupta,Boy,PG,27,3,Mr. Dev Gupta,Mrs. Swati Gupta,7138728867,10027,223095191301,520777467994,B+
Vihaan Rao,Boy,PG,28,4,Mr. Surya Rao,Mrs. Aadhya Rao,9374206889,10028,677472521145,430488552531,B+
Krishna Pillai,Boy,PG,29,4,Mr. Rajesh Pillai,Mrs. Aadhya Pillai,7903760540,10029,773831002090,776696072909,AB+
Diya Bose,Girl,PG,30,4,Mr. Rajesh Bose,Mrs. Shruti Bose,7486286087,10030,627586756222,162994898719,O-
Nisha Tiwari,Girl,PG,31,3,Mr. Arjun Tiwari,Mrs. Myra Tiwari,9904861266,10031,453736229303,151603194116,AB+
Ananya Sharma,Girl,PG,32,3,Mr. Rishi Sharma,Mrs. Kavya Sharma,9846485721,10032,349405485927,731193221807,O+
Anjali Ghosh,Girl,PG,33,4,Mr. Aarav Ghosh,Mrs. Kavya Ghosh,8738605790,10033,471258419356,961205195141,B-
Shruti Iyer,Girl,PG,34,3,Mr. Krishna Iyer,Mrs. Nisha Iyer,8907020457,10034,193135853337,930217542390,AB-
Aditi Pillai,Girl,PG,35,3,Mr. Kunal Pillai,Mrs. Anya Pillai,8909936382,10035,828843342727,155860069475,B-
Saanvi Chauhan,Girl,PG,36,4,Mr. Vikram Chauhan,Mrs. Meera Chauhan,6627037662,10036,242456497546,883655060950,AB-
Kavya Patel,Girl,PG,37,4,Mr. Rahul Patel,Mrs. Shruti Patel,7158373309,10037,703275200844,328438638759,AB-
Karan Jain,Boy,PG,38,4,Mr. Karan Jain,Mrs. Aditi Jain,6570275967,10038,493370617948,459330713247,B-
Dhruv Jain,Boy,PG,39,4,Mr. Dev Jain,Mrs. Swati Jain,8761390407,10039,695009897590,151454632787,B-
Yash Mukherjee,Boy,PG,40,4,Mr. Rishi Mukherjee,Mrs. Aditi Mukherjee,9995146816,10040,409986120076,196747957260,O+
Amit Kumar,Boy,PG,41,4,Mr. Kunal Kumar,Mrs. Pooja Kumar,6204955328,10041,109988767001,343937526755,A+
Vihaan Nair,Boy,PG,42,3,Mr. Aditya Nair,Mrs. Swati Nair,7536172249,10042,880096405371,716134108441,B-
Shruti Bose,Girl,PG,43,4,Mr. Aditya Bose,Mrs. Kiara Bose,9928231079,10043,818005189306,900359521569,B+
Saanvi Mukherjee,Girl,PG,44,4,Mr. Vihaan Mukherjee,Mrs. Kavya Mukherjee,6969867304,10044,600060561448,942485591163,B+
Saanvi Das,Girl,PG,45,4,Mr. Rajesh Das,Mrs. Aditi Das,7500173864,10045,650335937983,920725689918,B+
Vikram Pandey,Boy,PG,46,4,Mr. Rajesh Pandey,Mrs. Nisha Pandey,7569986991,10046,405026157537,353993390437,A+
Neha Iyer,Girl,PG,47,3,Mr. Karan Iyer,Mrs. Aadhya Iyer,9356276516,10047,362090621050,820844301684,AB+
Neha Dubey,Girl,PG,48,4,Mr. Rohan Dubey,Mrs. Aditi Dubey,9359523049,10048,811413202213,526383785665,O+
Rahul Bose,Boy,PG,49,4,Mr. Rahul Bose,Mrs. Aadhya Bose,6366351478,10049,963535837269,109365061105,AB-
Rajesh Patel,Boy,PG,50,3,Mr. Sai Patel,Mrs. Priya Patel,6535277798,10050,968175573879,643207902118,B+
Karan Verma,Boy,LKG,1,5,Mr. Kabir Verma,Mrs. Priya Verma,8606189665,10051,274809157979,565430826548,O+
Krishna Sharma,Boy,LKG,2,5,Mr. Arjun Sharma,Mrs. Saanvi Sharma,7788854376,10052,720748131913,348864633086,B-
Tara Nair,Girl,LKG,3,4,Mr. Dev Nair,Mrs. Ananya Nair,7918193023,10053,179971731848,623611335190,A+
Pooja Jain,Girl,LKG,4,5,Mr. Dev Jain,Mrs. Anjali Jain,9152070855,10054,210334522469,671502863903,A-
Aadhya Tiwari,Girl,LKG,5,5,Mr. Arjun Tiwari,Mrs. Tara Tiwari,6355833374,10055,662113764099,495167312106,A+
Dev Sharma,Boy,LKG,6,4,Mr. Amit Sharma,Mrs. Zara Sharma,8703165248,10056,427185741953,923280661719,AB-
Aditi Mukherjee,Girl,LKG,7,4,Mr. Vikram Mukherjee,Mrs. Pooja Mukherjee,7989778892,10057,943057549537,899821022029,B+
Myra Ghosh,Girl,LKG,8,4,Mr. Kunal Ghosh,Mrs. Kavya Ghosh,7550242272,10058,999789007491,780537919494,AB-
Shruti Tiwari,Girl,LKG,9,4,Mr. Dhruv Tiwari,Mrs. Diya Tiwari,8835724554,10059,404006250067,141870508994,A-
Rishi Iyer,Boy,LKG,10,5,Mr. Yash Iyer,Mrs. Aditi Iyer,6367031677,10060,315552612295,659261564187,O-
Aditya Dubey,Boy,LKG,11,4,Mr. Rishi Dubey,Mrs. Meera Dubey,7923176601,10061,710677684817,178111791256,AB-
Rishi Chauhan,Boy,LKG,12,4,Mr. Rishi Chauhan,Mrs. Meera Chauhan,8303367253,10062,330381215848,303657384500,AB+
Surya Mehta,Boy,LKG,13,4,Mr. Rohan Mehta,Mrs. Kiara Mehta,6594388725,10063,853515400494,723476937576,A+
Rishi Sharma,Boy,LKG,14,5,Mr. Amit Sharma,Mrs. Pooja Sharma,9339876665,10064,875963804721,358594915118,O-
Amit Pillai,Boy,LKG,15,5,Mr. Karan Pillai,Mrs. Kiara Pillai,9644226544,10065,293859231624,618154289481,O-
Sai Dubey,Boy,LKG,16,4,Mr. Kunal Dubey,Mrs. Kavya Dubey,6501518726,10066,850276197153,485408073737,O-
Ananya Tiwari,Girl,LKG,17,5,Mr. Aarav Tiwari,Mrs. Diya Tiwari,8966813953,10067,607071712211,217746653917,AB-
Swati Rao,Girl,LKG,18,5,Mr. Kunal Rao,Mrs. Riya Rao,7703609735,10068,979968922908,898120856959,O+
Vihaan Patel,Boy,LKG,19,4,Mr. Karan Patel,Mrs. Aditi Patel,6524231590,10069,362224182089,313003217203,A-
Myra Bose,Girl,LKG,20,5,Mr. Aditya Bose,Mrs. Shruti Bose,7755062038,10070,809787357599,241378860141,A+
Aditya Chauhan,Boy,LKG,21,4,Mr. Rajesh Chauhan,Mrs. Myra Chauhan,6436422626,10071,940588004245,917900450220,O-
Karan Singh,Boy,LKG,22,4,Mr. Rajesh Singh,Mrs. Ananya Singh,6460916891,10072,974006785842,110134105391,O+
Neha Mehta,Girl,LKG,23,5,Mr. Kunal Mehta,Mrs. Ananya Mehta,6314072444,10073,116596957151,460017937398,AB+
Diya Yadav,Girl,LKG,24,4,Mr. Arjun Yadav,Mrs. Ananya Yadav,6806193298,10074,663614470235,184958488610,O+
Kavya Mehta,Girl,LKG,25,5,Mr. Sai Mehta,Mrs. Shruti Mehta,8511435613,10075,234628615422,302594579858,AB-
Sanjay Mehta,Boy,LKG,26,4,Mr. Kabir Mehta,Mrs. Meera Mehta,9267547988,10076,185533644266,373910459893,O+
Sai Tiwari,Boy,LKG,27,5,Mr. Dhruv Tiwari,Mrs. Nisha Tiwari,6577066292,10077,267037378124,607575137402,O+
Zara Dubey,Girl,LKG,28,5,Mr. Dev Dubey,Mrs. Kiara Dubey,6437902068,10078,512744964624,892761757871,O-
Kunal Reddy,Boy,LKG,29,4,Mr. Surya Reddy,Mrs. Aditi Reddy,6331026943,10079,317348321844,457571524800,B-
Ananya Mishra,Girl,LKG,30,5,Mr. Yash Mishra,Mrs. Shruti Mishra,8545335789,10080,425088633131,640510814798,A-
Rajesh Tiwari,Boy,LKG,31,4,Mr. Yash Tiwari,Mrs. Saanvi Tiwari,8192657701,10081,506510875867,663138511429,B-
Swati Verma,Girl,LKG,32,5,Mr. Dev Verma,Mrs. Shruti Verma,9787525451,10082,207126380693,456596518683,B+
Meera Rao,Girl,LKG,33,5,Mr. Kabir Rao,Mrs. Aadhya Rao,8236724511,10083,726386690358,273079555617,AB+
Anya Kumar,Girl,LKG,34,5,Mr. Surya Kumar,Mrs. Neha Kumar,8585919346,10084,421317697593,510631432444,O-
Aditi Nair,Girl,LKG,35,5,Mr. Vihaan Nair,Mrs. Pooja Nair,8767539202,10085,738904843241,620423065151,O-
Karan Nair,Boy,LKG,36,5,Mr. Aditya Nair,Mrs. Aadhya Nair,6404468144,10086,340346502485,990058715259,B+
Diya Das,Girl,LKG,37,5,Mr. Kunal Das,Mrs. Neha Das,7511741017,10087,835187122537,547594489774,O+
Rishi Mishra,Boy,LKG,38,5,Mr. Amit Mishra,Mrs. Zara Mishra,8107568496,10088,552636694159,299769865025,B+
Diya Mehta,Girl,LKG,39,4,Mr. Dev Mehta,Mrs. Neha Mehta,7230948143,10089,871376252287,883964587764,O-
Anya Das,Girl,LKG,40,5,Mr. Aditya Das,Mrs. Kiara Das,6777837779,10090,455998502043,115563718927,O-
Krishna Chauhan,Boy,LKG,41,5,Mr. Surya Chauhan,Mrs. Neha Chauhan,8143581117,10091,549900398724,961461737529,A-
Priya Rao,Girl,LKG,42,4,Mr. Rajesh Rao,Mrs. Kavya Rao,7490186341,10092,795698439205,555978587916,O+
Kavya Pandey,Girl,LKG,43,4,Mr. Vihaan Pandey,Mrs. Shruti Pandey,6273575708,10093,652684421502,803668029561,O+
Dev Dubey,Boy,LKG,44,4,Mr. Rahul Dubey,Mrs. Aadhya Dubey,9773759201,10094,870963178130,547830831448,O-
Rishi Singh,Boy,LKG,45,5,Mr. Aarav Singh,Mrs. Pooja Singh,8543127367,10095,574715102858,485285253405,B+
Anya Verma,Girl,LKG,46,5,Mr. Karan Verma,Mrs. Aadhya Verma,6471471247,10096,888077728984,319170690251,B+
Neha Patel,Girl,LKG,47,4,Mr. Vihaan Patel,Mrs. Pooja Patel,6443406721,10097,485881702652,569101582316,A+
Nisha Iyer,Girl,LKG,48,4,Mr. Aarav Iyer,Mrs. Tara Iyer,6436478242,10098,290421916928,479629450979,O+
Kabir Nair,Boy,LKG,49,5,Mr. Sanjay Nair,Mrs. Riya Nair,6970757472,10099,690632287492,439847971719,AB-
Tara Ghosh,Girl,LKG,50,5,Mr. Dhruv Ghosh,Mrs. Pooja Ghosh,6154161955,10100,218161259406,493743029611,B+
Rajesh Gupta,Boy,UKG,1,5,Mr. Sai Gupta,Mrs. Aadhya Gupta,8848889914,10101,337350477431,196990418392,O+
Dev Mehta,Boy,UKG,2,5,Mr. Kabir Mehta,Mrs. Aditi Mehta,9943698864,10102,152522857342,553667348084,A+
Kavya Rao,Girl,UKG,3,5,Mr. Surya Rao,Mrs. Diya Rao,9319378183,10103,994357229773,376119492500,O+
Myra Mishra,Girl,UKG,4,6,Mr. Kunal Mishra,Mrs. Meera Mishra,8248318152,10104,777914290219,951013343831,A+
Diya Tiwari,Girl,UKG,5,5,Mr. Rahul Tiwari,Mrs. Pooja Tiwari,6883478044,10105,779906261488,501563716722,A+
Priya Gupta,Girl,UKG,6,6,Mr. Krishna Gupta,Mrs. Swati Gupta,8295779943,10106,119647320567,993535045997,A+
Aadhya Verma,Girl,UKG,7,5,Mr. Kunal Verma,Mrs. Zara Verma,9728427072,10107,432775648520,633912949330,AB-
Rishi Sharma,Boy,UKG,8,6,Mr. Krishna Sharma,Mrs. Swati Sharma,8180507928,10108,698402127908,733260013248,B-
Surya Rao,Boy,UKG,9,6,Mr. Karan Rao,Mrs. Tara Rao,7837975218,10109,210957504515,402941144416,B+
Riya Pandey,Girl,UKG,10,6,Mr. Rohan Pandey,Mrs. Tara Pandey,9617070430,10110,125957639989,326668411026,A+
Swati Rajput,Girl,UKG,11,6,Mr. Sanjay Rajput,Mrs. Swati Rajput,6615363125,10111,691592859339,757216815491,O+
Aditya Sharma,Boy,UKG,12,6,Mr. Sanjay Sharma,Mrs. Aadhya Sharma,9867890572,10112,398655818926,875329659803,AB-
Arjun Mukherjee,Boy,UKG,13,6,Mr. Dhruv Mukherjee,Mrs. Shruti Mukherjee,8696536270,10113,614214492601,494570259588,AB+
Surya Iyer,Boy,UKG,14,5,Mr. Rishi Iyer,Mrs. Tara Iyer,6867093632,10114,440318376664,963032356880,AB+
Vikram Pandey,Boy,UKG,15,5,Mr. Yash Pandey,Mrs. Saanvi Pandey,9213895476,10115,112297915684,827234677619,A-
Kunal Patel,Boy,UKG,16,6,Mr. Rohan Patel,Mrs. Tara Patel,8621440125,10116,942775033020,186539322272,B+
Shruti Ghosh,Girl,UKG,17,5,Mr. Kabir Ghosh,Mrs. Saanvi Ghosh,7317234740,10117,421073887476,292637187804,AB-
Yash Chauhan,Boy,UKG,18,5,Mr. Kunal Chauhan,Mrs. Swati Chauhan,9197642065,10118,667670130262,170658131590,O+
Ananya Kumar,Girl,UKG,19,5,Mr. Dev Kumar,Mrs. Aditi Kumar,6768744546,10119,335294791048,722233283347,AB+
Nisha Verma,Girl,UKG,20,6,Mr. Kabir Verma,Mrs. Nisha Verma,9237590444,10120,851107229808,130328797296,B-
Shruti Patel,Girl,UKG,21,5,Mr. Sai Patel,Mrs. Kiara Patel,8810588636,10121,761176281183,960930974539,A-
Dhruv Mukherjee,Boy,UKG,22,6,Mr. Aditya Mukherjee,Mrs. Pooja Mukherjee,8254481803,10122,300315790491,846456078379,A-
Diya Kumar,Girl,UKG,23,5,Mr. Surya Kumar,Mrs. Ananya Kumar,7688012384,10123,438016242849,605467347579,A+
Yash Verma,Boy,UKG,24,5,Mr. Sai Verma,Mrs. Myra Verma,6290880951,10124,153568634996,907391853408,AB+
Vihaan Mehta,Boy,UKG,25,6,Mr. Yash Mehta,Mrs. Anjali Mehta,7224173197,10125,832047061066,722437480142,B+
Anjali Mukherjee,Girl,UKG,26,5,Mr. Rajesh Mukherjee,Mrs. Anjali Mukherjee,9257197535,10126,649181904934,155089802475,O-
Meera Patel,Girl,UKG,27,6,Mr. Yash Patel,Mrs. Tara Patel,9604252523,10127,889828033054,905189057557,AB+
Kiara Chauhan,Girl,UKG,28,5,Mr. Rohan Chauhan,Mrs. Aadhya Chauhan,8799113028,10128,155954789757,289998540916,AB-
Kavya Tiwari,Girl,UKG,29,6,Mr. Dev Tiwari,Mrs. Kiara Tiwari,9234751714,10129,119906397068,348079167979,B+
Anya Mehta,Girl,UKG,30,6,Mr. Rishi Mehta,Mrs. Swati Mehta,9321834142,10130,891454199197,559011352661,O+
Rishi Pandey,Boy,UKG,31,5,Mr. Dhruv Pandey,Mrs. Anya Pandey,8208382487,10131,766411005830,685972687641,A+
Shruti Singh,Girl,UKG,32,6,Mr. Rahul Singh,Mrs. Nisha Singh,8971157523,10132,379244879918,985426312588,AB+
Surya Chauhan,Boy,UKG,33,6,Mr. Aditya Chauhan,Mrs. Aadhya Chauhan,9270877972,10133,239634795009,944721849850,O+
Pooja Patel,Girl,UKG,34,6,Mr. Sanjay Patel,Mrs. Aadhya Patel,7864109532,10134,501881951519,171002256519,A+
Ananya Dubey,Girl,UKG,35,5,Mr. Sai Dubey,Mrs. Swati Dubey,8264346872,10135,235522848748,497354964711,AB+
Anjali Mehta,Girl,UKG,36,6,Mr. Yash Mehta,Mrs. Swati Mehta,8526780114,10136,748103376810,415563902168,O+
Tara Mukherjee,Girl,UKG,37,5,Mr. Dev Mukherjee,Mrs. Kiara Mukherjee,7421902452,10137,119657420556,678671893109,A+
Tara Verma,Girl,UKG,38,5,Mr. Karan Verma,Mrs. Swati Verma,6662842275,10138,645863945631,937290282286,B-
Rohan Mukherjee,Boy,UKG,39,5,Mr. Rajesh Mukherjee,Mrs. Anya Mukherjee,8268374532,10139,867368058856,476018131503,O-
Sanjay Chauhan,Boy,UKG,40,5,Mr. Surya Chauhan,Mrs. Kiara Chauhan,8502819366,10140,361742014289,522340239169,A-
Surya Das,Boy,UKG,41,5,Mr. Dev Das,Mrs. Myra Das,9960841441,10141,219813867971,824095775203,A-
Myra Mukherjee,Girl,UKG,42,5,Mr. Krishna Mukherjee,Mrs. Priya Mukherjee,8360907709,10142,983570992766,332727000163,B+
Amit Sharma,Boy,UKG,43,6,Mr. Kunal Sharma,Mrs. Shruti Sharma,9323431456,10143,921761202474,253323696104,B-
Karan Pandey,Boy,UKG,44,5,Mr. Kunal Pandey,Mrs. Kavya Pandey,8466608945,10144,264454503903,630905096951,AB+
Riya Reddy,Girl,UKG,45,5,Mr. Rohan Reddy,Mrs. Meera Reddy,6491625856,10145,825455970035,410716831813,AB-
Arjun Yadav,Boy,UKG,46,5,Mr. Yash Yadav,Mrs. Diya Yadav,6698533621,10146,114042273901,606824677856,AB+
Rishi Bose,Boy,UKG,47,6,Mr. Amit Bose,Mrs. Kavya Bose,7807440934,10147,747531561677,246630238514,B+
Neha Gupta,Girl,UKG,48,5,Mr. Vihaan Gupta,Mrs. Pooja Gupta,9572850025,10148,843331937993,389674900242,A-
Kiara Mukherjee,Girl,UKG,49,6,Mr. Kunal Mukherjee,Mrs. Aditi Mukherjee,6350000455,10149,356454810523,964980305596,AB-
Ananya Nair,Girl,UKG,50,6,Mr. Dhruv Nair,Mrs. Aadhya Nair,6631066504,10150,358716233519,195116418216,AB+
Kabir Rajput,Boy,Class 1,1,6,Mr. Arjun Rajput,Mrs. Nisha Rajput,8756523325,10151,851309624952,176450524913,AB+
Nisha Jain,Girl,Class 1,2,8,Mr. Dhruv Jain,Mrs. Priya Jain,8458521592,10152,405609483520,978633462586,AB-
Kunal Rajput,Boy,Class 1,3,6,Mr. Karan Rajput,Mrs. Anjali Rajput,8126667127,10153,926997209294,460575592355,A-
Amit Jain,Boy,Class 1,4,8,Mr. Sanjay Jain,Mrs. Meera Jain,6426084699,10154,837423750905,783067960781,AB-
Zara Pandey,Girl,Class 1,5,6,Mr. Aarav Pandey,Mrs. Priya Pandey,9193555566,10155,506322442210,103357366010,AB+
Rahul Iyer,Boy,Class 1,6,6,Mr. Vikram Iyer,Mrs. Neha Iyer,9164684754,10156,642478007826,473440990673,A-
Anya Jain,Girl,Class 1,7,8,Mr. Aditya Jain,Mrs. Meera Jain,7629183707,10157,428448432349,351163437479,AB-
Saanvi Singh,Girl,Class 1,8,7,Mr. Sanjay Singh,Mrs. Kiara Singh,7408897967,10158,786557272355,734160288236,B-
Dhruv Mishra,Boy,Class 1,9,6,Mr. Yash Mishra,Mrs. Kiara Mishra,8768507157,10159,767825751927,405517364077,O-
Meera Kumar,Girl,Class 1,10,8,Mr. Vihaan Kumar,Mrs. Saanvi Kumar,7218566626,10160,996012621936,290138847268,AB+
Amit Patel,Boy,Class 1,11,10,Mr. Arjun Patel,Mrs. Kavya Patel,8999492420,10161,785295772804,354212978398,AB-
Dev Chauhan,Boy,Class 1,12,6,Mr. Aarav Chauhan,Mrs. Zara Chauhan,6283309881,10162,966199472801,329663947433,O+
Arjun Ghosh,Boy,Class 1,13,6,Mr. Yash Ghosh,Mrs. Priya Ghosh,7172420844,10163,335032034523,627966626193,A+
Arjun Rao,Boy,Class 1,14,8,Mr. Dhruv Rao,Mrs. Swati Rao,7890222117,10164,125895365427,805495767056,B+
Kiara Dubey,Girl,Class 1,15,10,Mr. Karan Dubey,Mrs. Nisha Dubey,9687877543,10165,635957596196,392317916763,B+
Shruti Pandey,Girl,Class 1,16,9,Mr. Surya Pandey,Mrs. Anya Pandey,9440804863,10166,181773990778,387172806075,A+
Myra Pillai,Girl,Class 1,17,9,Mr. Yash Pillai,Mrs. Kiara Pillai,6622971885,10167,352929348483,398984601116,AB+
Kiara Iyer,Girl,Class 1,18,6,Mr. Aarav Iyer,Mrs. Anjali Iyer,6505090093,10168,541330668381,135041487189,B+
Amit Verma,Boy,Class 1,19,10,Mr. Rishi Verma,Mrs. Kavya Verma,9963348125,10169,141652513645,201047975050,B+
Anya Nair,Girl,Class 1,20,7,Mr. Sai Nair,Mrs. Riya Nair,6200539417,10170,656366559455,324947141942,AB-
Arjun Nair,Boy,Class 1,21,7,Mr. Kunal Nair,Mrs. Diya Nair,9993412232,10171,576870058134,950608479859,B-
Zara Singh,Girl,Class 1,22,7,Mr. Aditya Singh,Mrs. Kavya Singh,6587326395,10172,769873466486,200464660077,A-
Vihaan Jain,Boy,Class 1,23,9,Mr. Aditya Jain,Mrs. Kiara Jain,8541671216,10173,449280782532,624848113704,O+
Rishi Pillai,Boy,Class 1,24,10,Mr. Rajesh Pillai,Mrs. Riya Pillai,8438490137,10174,151577976023,975666659758,AB+
Shruti Verma,Girl,Class 1,25,6,Mr. Karan Verma,Mrs. Swati Verma,6562027510,10175,148400435480,212041729036,AB-
Amit Patel,Boy,Class 1,26,7,Mr. Amit Patel,Mrs. Nisha Patel,6510042757,10176,714622214747,783447825672,B-
Karan Tiwari,Boy,Class 1,27,9,Mr. Kunal Tiwari,Mrs. Pooja Tiwari,7984403412,10177,910308228123,177058057133,O+
Riya Ghosh,Girl,Class 1,28,9,Mr. Kunal Ghosh,Mrs. Pooja Ghosh,9723740395,10178,861094657019,996964556964,O+
Anjali Nair,Girl,Class 1,29,8,Mr. Dev Nair,Mrs. Kavya Nair,8360167369,10179,966667857625,936974532925,A-
Surya Yadav,Boy,Class 1,30,10,Mr. Yash Yadav,Mrs. Swati Yadav,9218894123,10180,306080854950,256749376344,AB+
Shruti Reddy,Girl,Class 1,31,7,Mr. Krishna Reddy,Mrs. Riya Reddy,6317887537,10181,181174563672,536298226407,B+
Yash Pandey,Boy,Class 1,32,8,Mr. Rahul Pandey,Mrs. Ananya Pandey,6946099270,10182,347752003459,467897019471,B+
Kunal Ghosh,Boy,Class 1,33,6,Mr. Rohan Ghosh,Mrs. Myra Ghosh,7918163164,10183,679307734861,465860703010,AB+
Vihaan Chauhan,Boy,Class 1,34,9,Mr. Kunal Chauhan,Mrs. Pooja Chauhan,9898850306,10184,282518184960,201611943263,AB+
Sai Sharma,Boy,Class 1,35,7,Mr. Yash Sharma,Mrs. Neha Sharma,9315109305,10185,746904228932,703556052535,B+
Aadhya Reddy,Girl,Class 1,36,9,Mr. Dev Reddy,Mrs. Anya Reddy,7658312064,10186,891926005476,418062010953,A+
Ananya Jain,Girl,Class 1,37,6,Mr. Sanjay Jain,Mrs. Aditi Jain,6234152145,10187,832663242251,752335810369,AB-
Priya Mukherjee,Girl,Class 1,38,8,Mr. Dhruv Mukherjee,Mrs. Nisha Mukherjee,7331523194,10188,241211653763,394068648458,AB-
Tara Singh,Girl,Class 1,39,10,Mr. Yash Singh,Mrs. Priya Singh,7921413537,10189,689126751763,990552023240,B+
Diya Verma,Girl,Class 1,40,6,Mr. Sai Verma,Mrs. Priya Verma,7201735863,10190,724960333944,131962009699,O-
Kavya Gupta,Girl,Class 1,41,9,Mr. Rahul Gupta,Mrs. Nisha Gupta,7484363820,10191,398219103650,813978154868,O-
Vihaan Mishra,Boy,Class 1,42,7,Mr. Surya Mishra,Mrs. Neha Mishra,7394643150,10192,645869577425,492803881435,AB+
Kunal Pillai,Boy,Class 1,43,6,Mr. Aarav Pillai,Mrs. Anya Pillai,9941352516,10193,695463954898,819897978735,B-
Kavya Pillai,Girl,Class 1,44,7,Mr. Krishna Pillai,Mrs. Myra Pillai,8244914914,10194,730429440024,139073046434,O+
Meera Verma,Girl,Class 1,45,10,Mr. Sai Verma,Mrs. Diya Verma,8817551339,10195,507415818011,593256271875,A-
Meera Patel,Girl,Class 1,46,6,Mr. Yash Patel,Mrs. Pooja Patel,6797972310,10196,659581676748,326079045298,B-
Riya Verma,Girl,Class 1,47,8,Mr. Kabir Verma,Mrs. Aditi Verma,7510137651,10197,925616238600,293666600680,A+
Nisha Verma,Girl,Class 1,48,6,Mr. Kabir Verma,Mrs. Kiara Verma,8538489052,10198,472061075457,461820601950,AB-
Vikram Bose,Boy,Class 1,49,6,Mr. Dev Bose,Mrs. Ananya Bose,8230301647,10199,662728281462,905728557443,O+
Zara Yadav,Girl,Class 1,50,9,Mr. Dev Yadav,Mrs. Swati Yadav,9593931730,10200,848633022735,738812922081,AB+
Zara Das,Girl,Class 2,1,7,Mr. Krishna Das,Mrs. Ananya Das,7800084267,10201,579118057196,644106910105,A-
Surya Mehta,Boy,Class 2,2,8,Mr. Rajesh Mehta,Mrs. Riya Mehta,8294171353,10202,505980867568,721158840694,AB+
Shruti Reddy,Girl,Class 2,3,8,Mr. Rohan Reddy,Mrs. Kiara Reddy,8439477582,10203,905678509872,236324141828,AB+
Rishi Sharma,Boy,Class 2,4,7,Mr. Dhruv Sharma,Mrs. Zara Sharma,8334189451,10204,672304466097,281563879274,A-
Pooja Pandey,Girl,Class 2,5,8,Mr. Sanjay Pandey,Mrs. Ananya Pandey,6507604339,10205,381864357863,305619750628,A-
Zara Pillai,Girl,Class 2,6,8,Mr. Rajesh Pillai,Mrs. Ananya Pillai,9239883534,10206,721222053023,829323259755,B-
Shruti Sharma,Girl,Class 2,7,10,Mr. Rohan Sharma,Mrs. Anjali Sharma,7264588378,10207,438633659470,850628702115,AB-
Myra Kumar,Girl,Class 2,8,6,Mr. Karan Kumar,Mrs. Shruti Kumar,7401705261,10208,339463888249,658854352945,B+
Anjali Chauhan,Girl,Class 2,9,6,Mr. Sanjay Chauhan,Mrs. Pooja Chauhan,6261233799,10209,464539469489,595952800247,B+
Shruti Yadav,Girl,Class 2,10,8,Mr. Kabir Yadav,Mrs. Pooja Yadav,7496294900,10210,501365208175,723135044968,O+
Tara Bose,Girl,Class 2,11,7,Mr. Rohan Bose,Mrs. Nisha Bose,9161509093,10211,459634595744,170140625777,A-
Diya Bose,Girl,Class 2,12,9,Mr. Kunal Bose,Mrs. Anya Bose,9347768387,10212,830472072888,120253498489,B+
Vikram Pandey,Boy,Class 2,13,10,Mr. Aditya Pandey,Mrs. Kavya Pandey,6336272819,10213,819296558686,118904717979,O+
Kunal Yadav,Boy,Class 2,14,8,Mr. Dev Yadav,Mrs. Diya Yadav,7952419353,10214,476737488115,897116065172,A+
Pooja Mishra,Girl,Class 2,15,7,Mr. Karan Mishra,Mrs. Myra Mishra,6884284570,10215,621413518781,457164406343,B-
Karan Bose,Boy,Class 2,16,8,Mr. Sanjay Bose,Mrs. Aadhya Bose,8447974863,10216,225298651413,836746585599,A-
Dev Singh,Boy,Class 2,17,9,Mr. Dhruv Singh,Mrs. Anjali Singh,6434617749,10217,810489398165,627449681877,B+
Diya Rajput,Girl,Class 2,18,9,Mr. Rajesh Rajput,Mrs. Anjali Rajput,9971414536,10218,996673307687,175953970698,B-
Aarav Tiwari,Boy,Class 2,19,6,Mr. Vikram Tiwari,Mrs. Meera Tiwari,8119911576,10219,261763443523,574803067624,AB-
Rajesh Patel,Boy,Class 2,20,6,Mr. Rishi Patel,Mrs. Pooja Patel,9682813411,10220,986742298570,388287614075,AB-
Shruti Das,Girl,Class 2,21,10,Mr. Vihaan Das,Mrs. Diya Das,9938119304,10221,329942842669,479917284148,O+
Kabir Verma,Boy,Class 2,22,8,Mr. Kabir Verma,Mrs. Anjali Verma,8156367826,10222,123781578585,289792593133,B-
Aadhya Sharma,Girl,Class 2,23,9,Mr. Vihaan Sharma,Mrs. Riya Sharma,8845198119,10223,916524755071,477762759999,O-
Tara Yadav,Girl,Class 2,24,6,Mr. Rajesh Yadav,Mrs. Aadhya Yadav,7216314921,10224,607081902993,172673733011,B+
Dev Nair,Boy,Class 2,25,7,Mr. Surya Nair,Mrs. Diya Nair,6557427872,10225,764846843110,933123024831,A-
Amit Reddy,Boy,Class 2,26,7,Mr. Rajesh Reddy,Mrs. Anjali Reddy,8672979494,10226,601688735884,688924738788,B-
Neha Tiwari,Girl,Class 2,27,6,Mr. Yash Tiwari,Mrs. Aadhya Tiwari,8576998030,10227,164647058253,361749519415,AB+
Kabir Yadav,Boy,Class 2,28,7,Mr. Rahul Yadav,Mrs. Riya Yadav,9160229217,10228,434478963680,880196515552,A-
Vihaan Pandey,Boy,Class 2,29,7,Mr. Arjun Pandey,Mrs. Pooja Pandey,7171494149,10229,335185790318,875673179734,AB+
Priya Verma,Girl,Class 2,30,8,Mr. Kunal Verma,Mrs. Meera Verma,9650847237,10230,796502689307,729993726906,O+
Rahul Rao,Boy,Class 2,31,8,Mr. Rahul Rao,Mrs. Shruti Rao,8939533744,10231,812128070880,634894161769,A+
Yash Ghosh,Boy,Class 2,32,7,Mr. Arjun Ghosh,Mrs. Pooja Ghosh,6514574038,10232,489626186665,998666340803,A-
Anjali Pandey,Girl,Class 2,33,6,Mr. Krishna Pandey,Mrs. Anya Pandey,6244639414,10233,208993146729,595027664785,O+
Diya Reddy,Girl,Class 2,34,7,Mr. Rohan Reddy,Mrs. Meera Reddy,6571291508,10234,158801430125,156489917484,AB+
Shruti Bose,Girl,Class 2,35,9,Mr. Rahul Bose,Mrs. Anya Bose,7896867713,10235,842567642850,609065928288,A+
Kabir Kumar,Boy,Class 2,36,10,Mr. Rajesh Kumar,Mrs. Tara Kumar,6212616617,10236,411879286544,635756592712,A-
Swati Patel,Girl,Class 2,37,8,Mr. Vikram Patel,Mrs. Anya Patel,8612947887,10237,669117569257,582580318333,B+
Pooja Iyer,Girl,Class 2,38,10,Mr. Rahul Iyer,Mrs. Aditi Iyer,6978083326,10238,395892957146,114646797795,A-
Diya Reddy,Girl,Class 2,39,10,Mr. Karan Reddy,Mrs. Swati Reddy,6870729195,10239,748655248132,914423694260,O-
Rajesh Rao,Boy,Class 2,40,7,Mr. Rohan Rao,Mrs. Tara Rao,6719025558,10240,555373043660,342377541732,O-
Aadhya Nair,Girl,Class 2,41,7,Mr. Sanjay Nair,Mrs. Kiara Nair,6602816609,10241,574651563267,829713009206,A-
Vikram Sharma,Boy,Class 2,42,10,Mr. Aarav Sharma,Mrs. Ananya Sharma,6308493695,10242,641265067583,795592451006,B+
Aditya Verma,Boy,Class 2,43,9,Mr. Krishna Verma,Mrs. Riya Verma,6504860212,10243,242770032570,169071857536,B+
Karan Reddy,Boy,Class 2,44,9,Mr. Arjun Reddy,Mrs. Kiara Reddy,9974158210,10244,441794499772,383121235902,B+
Sai Mukherjee,Boy,Class 2,45,7,Mr. Aditya Mukherjee,Mrs. Riya Mukherjee,9389285581,10245,306022450649,189609053479,AB+
Aarav Gupta,Boy,Class 2,46,9,Mr. Sanjay Gupta,Mrs. Shruti Gupta,9837277288,10246,760221398415,676159527871,O+
Zara Mukherjee,Girl,Class 2,47,10,Mr. Vihaan Mukherjee,Mrs. Shruti Mukherjee,6968611818,10247,729866061747,715280318306,AB+
Myra Reddy,Girl,Class 2,48,8,Mr. Krishna Reddy,Mrs. Pooja Reddy,6583264071,10248,130747757127,111595315963,A-
Diya Ghosh,Girl,Class 2,49,10,Mr. Aditya Ghosh,Mrs. Anya Ghosh,9473948396,10249,377288767063,907073598790,AB+
Vihaan Rajput,Boy,Class 2,50,7,Mr. Aditya Rajput,Mrs. Pooja Rajput,6526895032,10250,286081053712,802687534441,B+
Surya Jain,Boy,Class 3,1,7,Mr. Rishi Jain,Mrs. Zara Jain,6836277140,10251,955544772501,773459225582,O-
Pooja Rao,Girl,Class 3,2,10,Mr. Rishi Rao,Mrs. Anjali Rao,7745146874,10252,305504942230,372587735948,B+
Kiara Mukherjee,Girl,Class 3,3,7,Mr. Kunal Mukherjee,Mrs. Meera Mukherjee,8444563506,10253,970779966988,225866096033,O-
Surya Kumar,Boy,Class 3,4,9,Mr. Rishi Kumar,Mrs. Aditi Kumar,9110649934,10254,548759161375,928319537322,B-
Kiara Jain,Girl,Class 3,5,9,Mr. Arjun Jain,Mrs. Priya Jain,6619038567,10255,837784182405,382615178356,AB-
Neha Sharma,Girl,Class 3,6,10,Mr. Dev Sharma,Mrs. Priya Sharma,8343301012,10256,151337980230,923591065008,AB-
Amit Rajput,Boy,Class 3,7,6,Mr. Rahul Rajput,Mrs. Tara Rajput,7953500142,10257,960575950445,131010788398,AB-
Anjali Bose,Girl,Class 3,8,8,Mr. Rishi Bose,Mrs. Kavya Bose,6929338918,10258,790603350002,933460511543,A+
Aarav Das,Boy,Class 3,9,7,Mr. Kunal Das,Mrs. Riya Das,9199900133,10259,730113488657,963513128055,AB-
Saanvi Rao,Girl,Class 3,10,9,Mr. Karan Rao,Mrs. Kiara Rao,9224241779,10260,726806516386,740569269169,A-
Yash Mehta,Boy,Class 3,11,6,Mr. Aarav Mehta,Mrs. Diya Mehta,9405059565,10261,614561216183,550946953785,O-
Sanjay Mehta,Boy,Class 3,12,7,Mr. Rishi Mehta,Mrs. Swati Mehta,7795325960,10262,420752307398,573128318448,B+
Rohan Chauhan,Boy,Class 3,13,7,Mr. Aditya Chauhan,Mrs. Zara Chauhan,6634881140,10263,488195058872,812002405288,AB-
Kavya Dubey,Girl,Class 3,14,7,Mr. Kabir Dubey,Mrs. Aadhya Dubey,6540243962,10264,933228004967,200165683199,B-
Surya Mukherjee,Boy,Class 3,15,6,Mr. Karan Mukherjee,Mrs. Riya Mukherjee,6741087050,10265,777214251533,361129689672,B+
Rishi Mishra,Boy,Class 3,16,6,Mr. Rajesh Mishra,Mrs. Nisha Mishra,8943904992,10266,382836916627,608858828006,B+
Pooja Pandey,Girl,Class 3,17,8,Mr. Rishi Pandey,Mrs. Kiara Pandey,8141535323,10267,492567900466,513271621647,O-
Tara Mishra,Girl,Class 3,18,9,Mr. Rajesh Mishra,Mrs. Anjali Mishra,8363774076,10268,637909900428,562201420263,AB-
Yash Pillai,Boy,Class 3,19,7,Mr. Amit Pillai,Mrs. Saanvi Pillai,6796058950,10269,997802260653,124931889499,B+
Dev Ghosh,Boy,Class 3,20,10,Mr. Vihaan Ghosh,Mrs. Diya Ghosh,7169288428,10270,384782659203,742839748143,O-
Diya Gupta,Girl,Class 3,21,9,Mr. Sanjay Gupta,Mrs. Pooja Gupta,6439831020,10271,850451290116,913344645995,O-
Swati Rao,Girl,Class 3,22,10,Mr. Arjun Rao,Mrs. Diya Rao,7249720233,10272,885180635868,738550245151,AB-
Rajesh Chauhan,Boy,Class 3,23,6,Mr. Rajesh Chauhan,Mrs. Aadhya Chauhan,6514869796,10273,697057000614,426806595211,AB-
Dev Dubey,Boy,Class 3,24,8,Mr. Aarav Dubey,Mrs. Zara Dubey,8403779264,10274,940476602000,695607148241,O-
Aarav Gupta,Boy,Class 3,25,10,Mr. Kunal Gupta,Mrs. Ananya Gupta,8751272847,10275,588150786778,992888567214,A-
Meera Mishra,Girl,Class 3,26,7,Mr. Vikram Mishra,Mrs. Ananya Mishra,7622807882,10276,578326998840,939319981029,AB-
Rahul Ghosh,Boy,Class 3,27,6,Mr. Aarav Ghosh,Mrs. Zara Ghosh,9420738376,10277,144467237146,914457767528,O+
Anya Rajput,Girl,Class 3,28,10,Mr. Dev Rajput,Mrs. Swati Rajput,9429995250,10278,204797745791,381337684754,A+
Riya Gupta,Girl,Class 3,29,7,Mr. Dhruv Gupta,Mrs. Meera Gupta,9679596654,10279,948955616616,698534385562,B-
Myra Singh,Girl,Class 3,30,10,Mr. Vihaan Singh,Mrs. Shruti Singh,7755142909,10280,288781951018,921626227296,AB-
Amit Gupta,Boy,Class 3,31,9,Mr. Vikram Gupta,Mrs. Pooja Gupta,6819222493,10281,875903105148,409672629034,B-
Saanvi Rajput,Girl,Class 3,32,7,Mr. Rishi Rajput,Mrs. Aditi Rajput,8946987283,10282,617131058969,779877209352,O+
Kabir Gupta,Boy,Class 3,33,7,Mr. Rahul Gupta,Mrs. Nisha Gupta,8943849811,10283,302393658561,407647600252,O-
Diya Gupta,Girl,Class 3,34,6,Mr. Kunal Gupta,Mrs. Neha Gupta,9862543312,10284,596380136560,946998396367,A-
Aditya Kumar,Boy,Class 3,35,6,Mr. Aditya Kumar,Mrs. Diya Kumar,9616551574,10285,307154991849,102722807464,B+
Diya Rao,Girl,Class 3,36,10,Mr. Kunal Rao,Mrs. Priya Rao,6433119344,10286,691491049284,235436653736,A+
Dhruv Das,Boy,Class 3,37,9,Mr. Aarav Das,Mrs. Saanvi Das,7329565049,10287,736695865111,634545692485,O+
Rohan Dubey,Boy,Class 3,38,9,Mr. Rajesh Dubey,Mrs. Kavya Dubey,6848377942,10288,403890055292,636749412679,O+
Anjali Jain,Girl,Class 3,39,8,Mr. Amit Jain,Mrs. Tara Jain,8322831498,10289,885119868468,909422810273,B-
Kiara Chauhan,Girl,Class 3,40,6,Mr. Aditya Chauhan,Mrs. Nisha Chauhan,6906470013,10290,936621193034,635947699118,B+
Aditya Mishra,Boy,Class 3,41,10,Mr. Dhruv Mishra,Mrs. Anya Mishra,8970891615,10291,170258816862,969875791269,A-
Kabir Chauhan,Boy,Class 3,42,8,Mr. Amit Chauhan,Mrs. Kavya Chauhan,8800891194,10292,354408827358,244002477498,AB-
Arjun Rao,Boy,Class 3,43,10,Mr. Vikram Rao,Mrs. Myra Rao,9540000032,10293,704621094103,911344889682,B-
Anjali Pandey,Girl,Class 3,44,7,Mr. Sanjay Pandey,Mrs. Neha Pandey,8220427490,10294,856903884825,985319086125,B+
Dhruv Singh,Boy,Class 3,45,6,Mr. Sai Singh,Mrs. Shruti Singh,7865321165,10295,103574177020,569382651288,A-
Zara Singh,Girl,Class 3,46,7,Mr. Vikram Singh,Mrs. Shruti Singh,8184846078,10296,358499977921,594989023806,O-
Kiara Tiwari,Girl,Class 3,47,9,Mr. Aarav Tiwari,Mrs. Ananya Tiwari,6354725853,10297,266226291927,677183884335,B+
Dhruv Jain,Boy,Class 3,48,10,Mr. Rahul Jain,Mrs. Tara Jain,8619544290,10298,807043989152,826294315708,B-
Myra Chauhan,Girl,Class 3,49,8,Mr. Rishi Chauhan,Mrs. Anjali Chauhan,8746263255,10299,593853841477,991212168007,O-
Saanvi Nair,Girl,Class 3,50,7,Mr. Dhruv Nair,Mrs. Aditi Nair,8691747978,10300,723848174948,307521181541,AB+
Shruti Rao,Girl,Class 4,1,7,Mr. Rahul Rao,Mrs. Priya Rao,6488364543,10301,897562931438,382729020212,B+
Rishi Rajput,Boy,Class 4,2,6,Mr. Aditya Rajput,Mrs. Kavya Rajput,7915461976,10302,224016662322,261015547327,A-
Nisha Iyer,Girl,Class 4,3,6,Mr. Yash Iyer,Mrs. Anjali Iyer,9922440145,10303,981642776999,450810058634,B+
Myra Mishra,Girl,Class 4,4,6,Mr. Amit Mishra,Mrs. Myra Mishra,7658290796,10304,184797975213,337342165664,AB-
Diya Mehta,Girl,Class 4,5,7,Mr. Arjun Mehta,Mrs. Anya Mehta,8140273541,10305,116754951119,388962537822,A+
Surya Tiwari,Boy,Class 4,6,7,Mr. Sanjay Tiwari,Mrs. Anjali Tiwari,9146263096,10306,918702486756,230075007184,AB-
Riya Gupta,Girl,Class 4,7,6,Mr. Surya Gupta,Mrs. Swati Gupta,8422789489,10307,435941892332,232868039270,A+
Aditya Bose,Boy,Class 4,8,6,Mr. Rohan Bose,Mrs. Riya Bose,8918524004,10308,128073772471,771103845359,AB-
Dhruv Das,Boy,Class 4,9,7,Mr. Vikram Das,Mrs. Pooja Das,6758255663,10309,838178847070,961805718154,B-
Pooja Patel,Girl,Class 4,10,10,Mr. Kabir Patel,Mrs. Pooja Patel,6759002977,10310,110731102501,480684900979,B-
Myra Ghosh,Girl,Class 4,11,6,Mr. Rohan Ghosh,Mrs. Aditi Ghosh,9511334947,10311,425024831245,585669055704,AB-
Aadhya Mishra,Girl,Class 4,12,8,Mr. Krishna Mishra,Mrs. Zara Mishra,9961636345,10312,732780695639,116898529466,AB-
Diya Reddy,Girl,Class 4,13,9,Mr. Karan Reddy,Mrs. Pooja Reddy,6703489819,10313,133788996320,212744457376,AB+
Pooja Verma,Girl,Class 4,14,8,Mr. Rahul Verma,Mrs. Priya Verma,6734898232,10314,877097117602,516770149427,O+
Arjun Dubey,Boy,Class 4,15,8,Mr. Yash Dubey,Mrs. Nisha Dubey,9272848337,10315,776168254450,163236021702,A+
Neha Rajput,Girl,Class 4,16,10,Mr. Arjun Rajput,Mrs. Priya Rajput,8558057974,10316,265356505512,149741350815,B+
Aadhya Mehta,Girl,Class 4,17,10,Mr. Sanjay Mehta,Mrs. Myra Mehta,6622223151,10317,186714189177,652039859257,AB+
Yash Mehta,Boy,Class 4,18,10,Mr. Rajesh Mehta,Mrs. Riya Mehta,7827420655,10318,784212931777,480610068813,B-
Aditi Verma,Girl,Class 4,19,9,Mr. Dev Verma,Mrs. Ananya Verma,8733503404,10319,362685210871,295045776434,AB-
Saanvi Nair,Girl,Class 4,20,8,Mr. Karan Nair,Mrs. Swati Nair,8189691804,10320,596227072159,265704308403,AB+
Swati Chauhan,Girl,Class 4,21,7,Mr. Rohan Chauhan,Mrs. Shruti Chauhan,6418902149,10321,642309097235,672876135846,A-
Dev Reddy,Boy,Class 4,22,10,Mr. Aarav Reddy,Mrs. Priya Reddy,7682299813,10322,911928940319,161066848337,O+
Rahul Chauhan,Boy,Class 4,23,8,Mr. Dev Chauhan,Mrs. Ananya Chauhan,6867174454,10323,516844176044,317794725771,AB+
Karan Iyer,Boy,Class 4,24,10,Mr. Rohan Iyer,Mrs. Neha Iyer,8161906256,10324,923298070980,468806065470,AB+
Priya Bose,Girl,Class 4,25,7,Mr. Sai Bose,Mrs. Nisha Bose,9382732666,10325,821582756558,924475889464,B+
Pooja Verma,Girl,Class 4,26,9,Mr. Krishna Verma,Mrs. Aadhya Verma,6502760751,10326,639035014834,541050820437,A-
Nisha Chauhan,Girl,Class 4,27,7,Mr. Rahul Chauhan,Mrs. Kavya Chauhan,8779672182,10327,258960567812,572797070245,O-
Kabir Kumar,Boy,Class 4,28,9,Mr. Kabir Kumar,Mrs. Neha Kumar,6236572698,10328,224741578344,287324093667,O-
Aadhya Patel,Girl,Class 4,29,8,Mr. Kunal Patel,Mrs. Ananya Patel,7587882465,10329,734702397327,758750866650,B-
Priya Ghosh,Girl,Class 4,30,9,Mr. Vihaan Ghosh,Mrs. Kiara Ghosh,8610612807,10330,335019803812,141905620114,B-
Krishna Pandey,Boy,Class 4,31,7,Mr. Karan Pandey,Mrs. Aditi Pandey,9586016218,10331,268515766960,104060865596,AB-
Riya Pandey,Girl,Class 4,32,9,Mr. Rahul Pandey,Mrs. Pooja Pandey,6421133228,10332,130147619415,537800576253,B+
Kavya Dubey,Girl,Class 4,33,8,Mr. Surya Dubey,Mrs. Anya Dubey,8838513700,10333,240533852686,124531046454,O+
Surya Rajput,Boy,Class 4,34,10,Mr. Aarav Rajput,Mrs. Tara Rajput,9955416279,10334,891375048719,707292556081,O+
Shruti Rao,Girl,Class 4,35,7,Mr. Karan Rao,Mrs. Kiara Rao,6470528883,10335,385704262184,310159520552,A+
Anya Sharma,Girl,Class 4,36,8,Mr. Rohan Sharma,Mrs. Tara Sharma,8962257177,10336,333990538970,732734340936,A+
Myra Iyer,Girl,Class 4,37,10,Mr. Yash Iyer,Mrs. Shruti Iyer,6564408102,10337,524186724344,523755248201,B+
Yash Patel,Boy,Class 4,38,10,Mr. Rahul Patel,Mrs. Kavya Patel,6451388341,10338,284829711761,340632400244,O-
Rishi Jain,Boy,Class 4,39,7,Mr. Dev Jain,Mrs. Shruti Jain,7832150408,10339,863755329672,967753379378,B+
Myra Yadav,Girl,Class 4,40,7,Mr. Aarav Yadav,Mrs. Nisha Yadav,9580728609,10340,462421987405,543830899006,B+
Neha Kumar,Girl,Class 4,41,9,Mr. Vikram Kumar,Mrs. Priya Kumar,6591170073,10341,423774251337,245015966447,B-
Swati Yadav,Girl,Class 4,42,10,Mr. Rahul Yadav,Mrs. Pooja Yadav,6517503819,10342,746883077656,108841610940,O-
Saanvi Yadav,Girl,Class 4,43,6,Mr. Dhruv Yadav,Mrs. Shruti Yadav,8634838846,10343,455171784687,171081689037,B-
Karan Tiwari,Boy,Class 4,44,10,Mr. Krishna Tiwari,Mrs. Shruti Tiwari,9513709635,10344,514937884752,890122010414,B-
Rajesh Pillai,Boy,Class 4,45,6,Mr. Sanjay Pillai,Mrs. Aadhya Pillai,8221408717,10345,616131469513,679822129033,B-
Myra Jain,Girl,Class 4,46,7,Mr. Aarav Jain,Mrs. Diya Jain,6741247890,10346,266908863908,755366526372,B+
Amit Rajput,Boy,Class 4,47,9,Mr. Amit Rajput,Mrs. Aadhya Rajput,8771909863,10347,855595803147,105477834397,B+
Dhruv Pandey,Boy,Class 4,48,8,Mr. Surya Pandey,Mrs. Meera Pandey,6911041852,10348,538621706574,693258881400,A-
Diya Tiwari,Girl,Class 4,49,9,Mr. Sai Tiwari,Mrs. Riya Tiwari,6315012142,10349,680352241210,475245292087,AB+
Kunal Gupta,Boy,Class 4,50,10,Mr. Sai Gupta,Mrs. Diya Gupta,6697260834,10350,794173802734,202339892967,O-
Priya Mishra,Girl,Class 5,1,10,Mr. Karan Mishra,Mrs. Kiara Mishra,7325875258,10351,510996383360,505385689684,A-
Rahul Dubey,Boy,Class 5,2,9,Mr. Sanjay Dubey,Mrs. Neha Dubey,6853516142,10352,910438674128,779767842264,AB-
Kunal Iyer,Boy,Class 5,3,6,Mr. Aarav Iyer,Mrs. Zara Iyer,8418201809,10353,221955956352,409632044270,O+
Meera Nair,Girl,Class 5,4,7,Mr. Kabir Nair,Mrs. Swati Nair,8537571050,10354,557153394955,795726760800,B+
Rohan Rajput,Boy,Class 5,5,8,Mr. Aarav Rajput,Mrs. Riya Rajput,6892335872,10355,850222356341,953631100493,AB+
Ananya Pandey,Girl,Class 5,6,7,Mr. Sanjay Pandey,Mrs. Ananya Pandey,7776359098,10356,681883099986,819001292917,A+
Rishi Iyer,Boy,Class 5,7,8,Mr. Vikram Iyer,Mrs. Diya Iyer,7309186343,10357,214805330479,291930981255,A+
Neha Nair,Girl,Class 5,8,8,Mr. Surya Nair,Mrs. Saanvi Nair,9306464108,10358,231659300130,136087724165,AB+
Zara Reddy,Girl,Class 5,9,7,Mr. Dhruv Reddy,Mrs. Priya Reddy,9351608509,10359,466782137008,933420846556,A+
Amit Verma,Boy,Class 5,10,9,Mr. Aarav Verma,Mrs. Riya Verma,9229378137,10360,994881990271,621432254381,A+
Kavya Reddy,Girl,Class 5,11,7,Mr. Krishna Reddy,Mrs. Pooja Reddy,6222549512,10361,962641154099,137227292972,A-
Dev Bose,Boy,Class 5,12,6,Mr. Aarav Bose,Mrs. Ananya Bose,9890359176,10362,997958826352,954885151356,AB+
Aditi Mehta,Girl,Class 5,13,8,Mr. Dhruv Mehta,Mrs. Pooja Mehta,8137258581,10363,367149021738,414701195228,A-
Riya Singh,Girl,Class 5,14,6,Mr. Aditya Singh,Mrs. Kiara Singh,6546840036,10364,179089505529,265929458822,O-
Amit Yadav,Boy,Class 5,15,10,Mr. Kunal Yadav,Mrs. Myra Yadav,7118646976,10365,718469463021,234383861873,A+
Kabir Kumar,Boy,Class 5,16,6,Mr. Sanjay Kumar,Mrs. Pooja Kumar,8173539084,10366,189564729697,360404028716,A+
Aadhya Reddy,Girl,Class 5,17,6,Mr. Dev Reddy,Mrs. Pooja Reddy,8887505461,10367,524026093448,120389949599,O-
Amit Tiwari,Boy,Class 5,18,9,Mr. Surya Tiwari,Mrs. Anya Tiwari,9858688646,10368,857077656400,418495065749,A+
Rishi Das,Boy,Class 5,19,8,Mr. Aditya Das,Mrs. Saanvi Das,7764326278,10369,985289224641,578250655030,O-
Riya Singh,Girl,Class 5,20,8,Mr. Krishna Singh,Mrs. Riya Singh,7133885165,10370,677545792207,861106510954,A-
Kavya Iyer,Girl,Class 5,21,9,Mr. Rohan Iyer,Mrs. Kavya Iyer,7692143524,10371,321158526381,707540570001,B+
Rahul Pillai,Boy,Class 5,22,8,Mr. Dev Pillai,Mrs. Nisha Pillai,8229342233,10372,299292422572,641907973196,O+
Diya Jain,Girl,Class 5,23,9,Mr. Yash Jain,Mrs. Anya Jain,6225583010,10373,351156369406,871962369458,O-
Tara Pandey,Girl,Class 5,24,8,Mr. Arjun Pandey,Mrs. Pooja Pandey,8978489346,10374,314885428895,534442840800,AB-
Riya Gupta,Girl,Class 5,25,10,Mr. Surya Gupta,Mrs. Swati Gupta,8119066568,10375,621748088294,953630491512,A-
Tara Patel,Girl,Class 5,26,8,Mr. Kunal Patel,Mrs. Diya Patel,6341474552,10376,761378571404,943730080158,AB+
Zara Nair,Girl,Class 5,27,6,Mr. Yash Nair,Mrs. Aditi Nair,7845680315,10377,949244128823,152922698638,AB+
Meera Rao,Girl,Class 5,28,9,Mr. Amit Rao,Mrs. Aditi Rao,9287482496,10378,173616612745,523344337996,AB+
Riya Iyer,Girl,Class 5,29,8,Mr. Krishna Iyer,Mrs. Pooja Iyer,6641422172,10379,463802900095,713345469970,A+
Nisha Singh,Girl,Class 5,30,8,Mr. Rajesh Singh,Mrs. Shruti Singh,6405185705,10380,773177888897,147713384552,A+
Aditi Singh,Girl,Class 5,31,7,Mr. Aditya Singh,Mrs. Shruti Singh,8953051340,10381,102352392143,306383978998,O-
Kunal Rao,Boy,Class 5,32,7,Mr. Kunal Rao,Mrs. Riya Rao,9572277667,10382,338712152352,886547053991,AB+
Nisha Yadav,Girl,Class 5,33,8,Mr. Krishna Yadav,Mrs. Kavya Yadav,7966400138,10383,226167063143,692297411009,A+
Shruti Das,Girl,Class 5,34,7,Mr. Dhruv Das,Mrs. Saanvi Das,9365182899,10384,872712735292,931343562490,B-
Aditya Yadav,Boy,Class 5,35,10,Mr. Surya Yadav,Mrs. Myra Yadav,7202985726,10385,516293340183,311249946712,B+
Yash Bose,Boy,Class 5,36,10,Mr. Surya Bose,Mrs. Neha Bose,7560204623,10386,951345149981,444884983854,A-
Kavya Pillai,Girl,Class 5,37,9,Mr. Aditya Pillai,Mrs. Aadhya Pillai,6878968047,10387,237841462756,605533242050,A+
Aditi Rajput,Girl,Class 5,38,9,Mr. Rishi Rajput,Mrs. Aditi Rajput,9652101024,10388,958412179953,294639119430,A-
Rishi Reddy,Boy,Class 5,39,6,Mr. Kabir Reddy,Mrs. Diya Reddy,7412448937,10389,287880453057,608678737123,B+
Myra Gupta,Girl,Class 5,40,9,Mr. Surya Gupta,Mrs. Zara Gupta,8201413717,10390,806013967480,873499127916,O-
Vikram Mukherjee,Boy,Class 5,41,7,Mr. Surya Mukherjee,Mrs. Anya Mukherjee,9656502611,10391,606025027607,937294745124,B-
Rishi Dubey,Boy,Class 5,42,7,Mr. Sai Dubey,Mrs. Priya Dubey,6341975897,10392,508358728685,517665209260,AB-
Shruti Nair,Girl,Class 5,43,6,Mr. Amit Nair,Mrs. Anjali Nair,8950766194,10393,348794943782,455872778337,AB-
Ananya Pillai,Girl,Class 5,44,7,Mr. Rahul Pillai,Mrs. Diya Pillai,6453895924,10394,499184685859,208542796415,AB+
Anya Mukherjee,Girl,Class 5,45,7,Mr. Aditya Mukherjee,Mrs. Pooja Mukherjee,7220559790,10395,843314768368,831325685846,O+
Saanvi Mehta,Girl,Class 5,46,6,Mr. Sanjay Mehta,Mrs. Tara Mehta,7989926457,10396,202412107075,301376143709,O-
Aditi Jain,Girl,Class 5,47,6,Mr. Karan Jain,Mrs. Meera Jain,6247967360,10397,869287292670,838904919655,O+
Dhruv Das,Boy,Class 5,48,7,Mr. Dhruv Das,Mrs. Ananya Das,6659035733,10398,625168131677,790108643795,AB-
Sai Pandey,Boy,Class 5,49,9,Mr. Vihaan Pandey,Mrs. Aadhya Pandey,8852077588,10399,787015276788,147959813941,O+
Rohan Das,Boy,Class 5,50,7,Mr. Sanjay Das,Mrs. Priya Das,6161303057,10400,721255352441,960417832431,B+
Zara Singh,Girl,Class 6,1,13,Mr. Aarav Singh,Mrs. Priya Singh,7191358921,10401,739971829309,643986108543,O+
Myra Rao,Girl,Class 6,2,12,Mr. Aarav Rao,Mrs. Kavya Rao,9532051976,10402,906585264502,766159918661,A+
Myra Ghosh,Girl,Class 6,3,13,Mr. Kabir Ghosh,Mrs. Aditi Ghosh,6922072094,10403,862197782646,815861086667,AB+
Neha Das,Girl,Class 6,4,12,Mr. Aarav Das,Mrs. Kiara Das,9501160577,10404,430435488707,298271567030,A-
Karan Reddy,Boy,Class 6,5,11,Mr. Kunal Reddy,Mrs. Meera Reddy,9244998665,10405,328027106967,453969509826,B+
Aditya Ghosh,Boy,Class 6,6,11,Mr. Aditya Ghosh,Mrs. Aadhya Ghosh,6144931712,10406,639807786140,438051630415,B+
Sanjay Patel,Boy,Class 6,7,11,Mr. Aditya Patel,Mrs. Myra Patel,6585495548,10407,236390089108,427299306486,A-
Diya Nair,Girl,Class 6,8,11,Mr. Rohan Nair,Mrs. Meera Nair,9991200621,10408,172695262668,999251212392,A-
Priya Kumar,Girl,Class 6,9,12,Mr. Dev Kumar,Mrs. Anya Kumar,6297678980,10409,553464981491,123736812857,B+
Rajesh Ghosh,Boy,Class 6,10,13,Mr. Rishi Ghosh,Mrs. Tara Ghosh,6292409231,10410,408722377011,826589755930,B-
Tara Rajput,Girl,Class 6,11,13,Mr. Aditya Rajput,Mrs. Swati Rajput,9975884089,10411,704053717890,998069372026,A+
Kiara Bose,Girl,Class 6,12,11,Mr. Dev Bose,Mrs. Anjali Bose,9955594055,10412,859579314033,151350156376,AB+
Kavya Sharma,Girl,Class 6,13,11,Mr. Yash Sharma,Mrs. Myra Sharma,7416446536,10413,485469659384,688948034652,B-
Tara Kumar,Girl,Class 6,14,11,Mr. Sanjay Kumar,Mrs. Tara Kumar,8347556859,10414,868402718856,208474369945,B+
Karan Iyer,Boy,Class 6,15,13,Mr. Rohan Iyer,Mrs. Meera Iyer,8851416302,10415,427550159388,773386350429,AB+
Sai Pillai,Boy,Class 6,16,11,Mr. Kabir Pillai,Mrs. Priya Pillai,9417630584,10416,292335146807,429494532419,O+
Aadhya Dubey,Girl,Class 6,17,12,Mr. Vikram Dubey,Mrs. Pooja Dubey,6429714442,10417,315627888300,970387046731,B-
Tara Kumar,Girl,Class 6,18,11,Mr. Rishi Kumar,Mrs. Kiara Kumar,8425370372,10418,157403339214,341280028812,A-
Ananya Mishra,Girl,Class 6,19,12,Mr. Yash Mishra,Mrs. Myra Mishra,7745704424,10419,497361711825,886395216354,AB+
Zara Reddy,Girl,Class 6,20,12,Mr. Rohan Reddy,Mrs. Swati Reddy,8207156783,10420,757482484480,931893288194,B+
Kunal Singh,Boy,Class 6,21,12,Mr. Surya Singh,Mrs. Swati Singh,6383523086,10421,635577787727,188087972321,A-
Yash Iyer,Boy,Class 6,22,12,Mr. Dhruv Iyer,Mrs. Nisha Iyer,9799988790,10422,459786018436,223629442965,O-
Rohan Pandey,Boy,Class 6,23,13,Mr. Kabir Pandey,Mrs. Anjali Pandey,6965327157,10423,880376905756,238583904083,B-
Saanvi Tiwari,Girl,Class 6,24,11,Mr. Amit Tiwari,Mrs. Zara Tiwari,6885002141,10424,850880230594,582225432437,A+
Shruti Tiwari,Girl,Class 6,25,13,Mr. Dev Tiwari,Mrs. Myra Tiwari,6717468772,10425,987209041153,395849475130,A+
Sai Rao,Boy,Class 6,26,11,Mr. Dhruv Rao,Mrs. Pooja Rao,7595217522,10426,577872726541,684321087322,A-
Yash Mishra,Boy,Class 6,27,11,Mr. Karan Mishra,Mrs. Shruti Mishra,7372776028,10427,143558255765,157909636081,O+
Zara Patel,Girl,Class 6,28,11,Mr. Karan Patel,Mrs. Anya Patel,6211293663,10428,117001983840,451052385157,AB-
Swati Rajput,Girl,Class 6,29,12,Mr. Aarav Rajput,Mrs. Aditi Rajput,8670619601,10429,900810255048,662105194285,AB-
Myra Pandey,Girl,Class 6,30,13,Mr. Arjun Pandey,Mrs. Meera Pandey,7100952064,10430,160268884800,346727270981,O-
Meera Ghosh,Girl,Class 6,31,13,Mr. Sai Ghosh,Mrs. Nisha Ghosh,7399420643,10431,674365172761,566510812028,A+
Rajesh Rajput,Boy,Class 6,32,13,Mr. Sanjay Rajput,Mrs. Neha Rajput,9460648391,10432,730928106000,709415683860,A+
Anya Patel,Girl,Class 6,33,13,Mr. Sai Patel,Mrs. Zara Patel,8350261766,10433,823583438530,763165537918,AB+
Swati Sharma,Girl,Class 6,34,11,Mr. Dhruv Sharma,Mrs. Swati Sharma,7502421852,10434,264385276156,255826906595,AB+
Krishna Reddy,Boy,Class 6,35,12,Mr. Krishna Reddy,Mrs. Anjali Reddy,6683135035,10435,812726628691,622256926148,A+
Saanvi Mukherjee,Girl,Class 6,36,12,Mr. Kabir Mukherjee,Mrs. Neha Mukherjee,8560697635,10436,667838775053,779871134893,B+
Riya Mishra,Girl,Class 6,37,11,Mr. Kunal Mishra,Mrs. Diya Mishra,9900931054,10437,794828580302,960954310591,O+
Surya Das,Boy,Class 6,38,12,Mr. Vikram Das,Mrs. Swati Das,7488152903,10438,334137154370,812036644190,A+
Aadhya Reddy,Girl,Class 6,39,12,Mr. Aditya Reddy,Mrs. Aadhya Reddy,9862941165,10439,112185236738,656603569621,A+
Karan Rao,Boy,Class 6,40,12,Mr. Sai Rao,Mrs. Riya Rao,8416409473,10440,518479286425,759300596775,A+
Krishna Yadav,Boy,Class 6,41,13,Mr. Arjun Yadav,Mrs. Diya Yadav,7589299234,10441,190407602149,407740484566,B-
Riya Patel,Girl,Class 6,42,13,Mr. Krishna Patel,Mrs. Kiara Patel,7846557919,10442,358090258750,384487576852,O+
Aditya Sharma,Boy,Class 6,43,12,Mr. Sai Sharma,Mrs. Aditi Sharma,8422307853,10443,699887165213,784427266997,B+
Ananya Tiwari,Girl,Class 6,44,11,Mr. Vikram Tiwari,Mrs. Anjali Tiwari,8652090919,10444,243301424485,172809189836,O+
Kunal Yadav,Boy,Class 6,45,13,Mr. Sai Yadav,Mrs. Diya Yadav,6246538295,10445,490268420086,811402892220,B+
Nisha Kumar,Girl,Class 6,46,11,Mr. Arjun Kumar,Mrs. Kavya Kumar,6271059583,10446,851999086359,904123604944,B-
Rajesh Iyer,Boy,Class 6,47,11,Mr. Sai Iyer,Mrs. Aditi Iyer,6738892948,10447,805351600473,201623675256,AB+
Sanjay Kumar,Boy,Class 6,48,13,Mr. Yash Kumar,Mrs. Nisha Kumar,6668279408,10448,235528210507,963913960853,A-
Myra Jain,Girl,Class 6,49,13,Mr. Rahul Jain,Mrs. Nisha Jain,9810971788,10449,623499163095,270285320867,A-
Kavya Jain,Girl,Class 6,50,11,Mr. Dev Jain,Mrs. Tara Jain,8239981447,10450,664939740143,314856349319,B-
Anya Dubey,Girl,Class 7,1,13,Mr. Sai Dubey,Mrs. Aditi Dubey,6770814232,10451,210017480714,640018610552,O-
Priya Rao,Girl,Class 7,2,12,Mr. Rajesh Rao,Mrs. Nisha Rao,6316740340,10452,246660519876,126440221621,B-
Arjun Singh,Boy,Class 7,3,13,Mr. Karan Singh,Mrs. Diya Singh,6743926713,10453,769897523731,941542132959,O+
Arjun Mehta,Boy,Class 7,4,13,Mr. Vihaan Mehta,Mrs. Zara Mehta,6249345297,10454,277457628975,334354823449,O-
Sai Dubey,Boy,Class 7,5,12,Mr. Rahul Dubey,Mrs. Zara Dubey,8305806751,10455,541539790740,769603518990,A+
Meera Reddy,Girl,Class 7,6,11,Mr. Yash Reddy,Mrs. Swati Reddy,9520268965,10456,726142648826,331716502177,B-
Aarav Mukherjee,Boy,Class 7,7,13,Mr. Karan Mukherjee,Mrs. Aadhya Mukherjee,9358417886,10457,190996452060,809514356887,AB+
Vihaan Rajput,Boy,Class 7,8,12,Mr. Aditya Rajput,Mrs. Swati Rajput,9597908582,10458,175115318468,112910869724,O+
Swati Pandey,Girl,Class 7,9,12,Mr. Sai Pandey,Mrs. Aditi Pandey,7176570050,10459,152382257869,361734943643,O+
Rohan Bose,Boy,Class 7,10,12,Mr. Dhruv Bose,Mrs. Shruti Bose,7754098865,10460,269404063878,397265634437,O+
Nisha Pandey,Girl,Class 7,11,13,Mr. Yash Pandey,Mrs. Saanvi Pandey,9468439028,10461,391880937047,530300728709,O+
Tara Das,Girl,Class 7,12,12,Mr. Krishna Das,Mrs. Nisha Das,9790018537,10462,362955821806,649914527874,O+
Kiara Tiwari,Girl,Class 7,13,11,Mr. Sai Tiwari,Mrs. Priya Tiwari,6210640036,10463,364257807813,941360714226,B-
Nisha Mehta,Girl,Class 7,14,13,Mr. Rohan Mehta,Mrs. Aadhya Mehta,9494095548,10464,923204641927,388655863330,O+
Rishi Singh,Boy,Class 7,15,13,Mr. Kunal Singh,Mrs. Riya Singh,6567798630,10465,171892453601,452811870892,O-
Myra Mishra,Girl,Class 7,16,12,Mr. Sanjay Mishra,Mrs. Aadhya Mishra,6593003200,10466,761122876338,217590780328,O+
Zara Singh,Girl,Class 7,17,12,Mr. Sanjay Singh,Mrs. Zara Singh,7427638481,10467,133844350226,132145234599,O+
Ananya Rao,Girl,Class 7,18,13,Mr. Vihaan Rao,Mrs. Tara Rao,8738054234,10468,692500861713,268235387647,AB-
Rohan Reddy,Boy,Class 7,19,12,Mr. Sanjay Reddy,Mrs. Zara Reddy,9272192029,10469,529811354563,448328635118,O+
Rishi Rao,Boy,Class 7,20,11,Mr. Vikram Rao,Mrs. Swati Rao,9763478340,10470,674006576153,322792813399,B+
Priya Mishra,Girl,Class 7,21,13,Mr. Yash Mishra,Mrs. Shruti Mishra,9157139114,10471,580058720180,136502987947,AB+
Rohan Singh,Boy,Class 7,22,13,Mr. Krishna Singh,Mrs. Aditi Singh,8640090338,10472,156081052187,970289539612,A-
Nisha Mukherjee,Girl,Class 7,23,13,Mr. Sanjay Mukherjee,Mrs. Ananya Mukherjee,9312233838,10473,341627928060,549181566088,B+
Nisha Reddy,Girl,Class 7,24,11,Mr. Rishi Reddy,Mrs. Kavya Reddy,7355490426,10474,421261916570,276503366276,B+
Sanjay Das,Boy,Class 7,25,12,Mr. Sanjay Das,Mrs. Meera Das,6649650844,10475,162638985852,590235373171,AB+
Tara Mehta,Girl,Class 7,26,12,Mr. Krishna Mehta,Mrs. Neha Mehta,9403767560,10476,454972414963,802503083516,O-
Surya Yadav,Boy,Class 7,27,11,Mr. Rahul Yadav,Mrs. Kiara Yadav,6946107013,10477,560412712906,865780145142,AB+
Arjun Das,Boy,Class 7,28,12,Mr. Aarav Das,Mrs. Kavya Das,7323144895,10478,913607277324,459154076105,A+
Rajesh Iyer,Boy,Class 7,29,12,Mr. Rishi Iyer,Mrs. Diya Iyer,7679680280,10479,236745078130,528147715692,A-
Anjali Das,Girl,Class 7,30,13,Mr. Kabir Das,Mrs. Shruti Das,8240987211,10480,861539313691,107795647306,O-
Krishna Mehta,Boy,Class 7,31,11,Mr. Rishi Mehta,Mrs. Riya Mehta,6278295861,10481,731214352478,356563364425,A-
Surya Mishra,Boy,Class 7,32,13,Mr. Aarav Mishra,Mrs. Riya Mishra,7176661852,10482,207200801867,992825142858,O-
Anya Kumar,Girl,Class 7,33,11,Mr. Yash Kumar,Mrs. Priya Kumar,8544856691,10483,716948980468,688758371169,AB-
Neha Chauhan,Girl,Class 7,34,11,Mr. Karan Chauhan,Mrs. Kavya Chauhan,7839752256,10484,957924648955,963739717465,O+
Amit Mishra,Boy,Class 7,35,11,Mr. Aditya Mishra,Mrs. Kiara Mishra,8348044790,10485,435278548811,300689643345,A-
Arjun Iyer,Boy,Class 7,36,13,Mr. Sai Iyer,Mrs. Anjali Iyer,8806792946,10486,277204824061,348363219123,AB+
Shruti Nair,Girl,Class 7,37,13,Mr. Aditya Nair,Mrs. Kiara Nair,7375818847,10487,286585593858,961178452149,O-
Vihaan Tiwari,Boy,Class 7,38,11,Mr. Dhruv Tiwari,Mrs. Saanvi Tiwari,8686624041,10488,507344486229,733955490819,B+
Kavya Verma,Girl,Class 7,39,12,Mr. Rohan Verma,Mrs. Kiara Verma,8788322647,10489,401393560627,442999623314,B-
Anjali Iyer,Girl,Class 7,40,12,Mr. Yash Iyer,Mrs. Diya Iyer,9929748352,10490,625226154077,844550029845,O+
Vihaan Yadav,Boy,Class 7,41,11,Mr. Arjun Yadav,Mrs. Ananya Yadav,9144745392,10491,113740847563,337647118782,AB+
Aditya Kumar,Boy,Class 7,42,12,Mr. Sanjay Kumar,Mrs. Anjali Kumar,8796994487,10492,219133290278,726346162685,A-
Sai Reddy,Boy,Class 7,43,13,Mr. Vikram Reddy,Mrs. Anjali Reddy,8272307082,10493,811187617049,132487123393,A-
Aarav Sharma,Boy,Class 7,44,13,Mr. Amit Sharma,Mrs. Myra Sharma,9949640478,10494,655163121347,982237357078,AB+
Priya Verma,Girl,Class 7,45,12,Mr. Aarav Verma,Mrs. Zara Verma,9393984483,10495,887211219891,847578476524,AB+
Meera Mukherjee,Girl,Class 7,46,11,Mr. Sai Mukherjee,Mrs. Myra Mukherjee,7168237830,10496,454826999541,652169691079,B+
Nisha Mishra,Girl,Class 7,47,13,Mr. Amit Mishra,Mrs. Kavya Mishra,6383704570,10497,169944954068,300965090557,AB+
Neha Jain,Girl,Class 7,48,12,Mr. Karan Jain,Mrs. Diya Jain,8199263774,10498,673840028998,998098068288,AB-
Swati Iyer,Girl,Class 7,49,12,Mr. Kunal Iyer,Mrs. Anya Iyer,7114411690,10499,246904003514,992649156105,A+
Aadhya Mukherjee,Girl,Class 7,50,12,Mr. Vihaan Mukherjee,Mrs. Neha Mukherjee,7382457773,10500,719769543948,276815481022,AB-
Amit Kumar,Boy,Class 8,1,12,Mr. Rohan Kumar,Mrs. Nisha Kumar,8456490074,10501,987748308022,726991955267,O+
Ananya Mukherjee,Girl,Class 8,2,13,Mr. Kabir Mukherjee,Mrs. Meera Mukherjee,6307424585,10502,545698476597,343358205621,B-
Surya Nair,Boy,Class 8,3,13,Mr. Dhruv Nair,Mrs. Diya Nair,7273764207,10503,747825733768,367269876238,B-
Myra Mehta,Girl,Class 8,4,12,Mr. Aarav Mehta,Mrs. Riya Mehta,8460056724,10504,260960246112,418607859735,A+
Aditya Tiwari,Boy,Class 8,5,13,Mr. Krishna Tiwari,Mrs. Priya Tiwari,6481127621,10505,777181442977,272044932230,A+
Vikram Sharma,Boy,Class 8,6,11,Mr. Sanjay Sharma,Mrs. Shruti Sharma,8902593091,10506,494254620991,404415346938,O-
Priya Mishra,Girl,Class 8,7,11,Mr. Vihaan Mishra,Mrs. Myra Mishra,8887177726,10507,883839329769,740836397124,AB-
Dev Gupta,Boy,Class 8,8,12,Mr. Sanjay Gupta,Mrs. Shruti Gupta,8655634227,10508,552992272158,261231506927,AB-
Krishna Mishra,Boy,Class 8,9,11,Mr. Dhruv Mishra,Mrs. Kiara Mishra,8319291951,10509,652080815690,290046007835,A-
Vihaan Dubey,Boy,Class 8,10,12,Mr. Aditya Dubey,Mrs. Myra Dubey,6134978518,10510,749108488134,855826656142,A-
Swati Chauhan,Girl,Class 8,11,13,Mr. Vikram Chauhan,Mrs. Neha Chauhan,8404781230,10511,373039964337,600489023702,B+
Rohan Jain,Boy,Class 8,12,11,Mr. Rishi Jain,Mrs. Nisha Jain,7382060454,10512,806875224318,311498564225,B-
Myra Verma,Girl,Class 8,13,12,Mr. Rajesh Verma,Mrs. Ananya Verma,8291366240,10513,860357660908,452519769852,A-
Riya Rao,Girl,Class 8,14,11,Mr. Dhruv Rao,Mrs. Myra Rao,9376773393,10514,738827405639,619244171842,O-
Vikram Tiwari,Boy,Class 8,15,11,Mr. Vikram Tiwari,Mrs. Aadhya Tiwari,6145132015,10515,787039052206,228565039665,A-
Surya Pandey,Boy,Class 8,16,13,Mr. Sai Pandey,Mrs. Diya Pandey,8597343766,10516,500164444120,800650491946,B+
Krishna Dubey,Boy,Class 8,17,13,Mr. Sai Dubey,Mrs. Meera Dubey,9191734273,10517,135828375481,470332097640,O-
Dhruv Mishra,Boy,Class 8,18,13,Mr. Kabir Mishra,Mrs. Zara Mishra,6997938695,10518,279094949451,645578148305,B-
Anya Mishra,Girl,Class 8,19,13,Mr. Amit Mishra,Mrs. Nisha Mishra,6725896736,10519,760917275978,459862207205,B-
Tara Gupta,Girl,Class 8,20,11,Mr. Vikram Gupta,Mrs. Zara Gupta,9498343974,10520,510204147176,180358739451,B-
Rajesh Chauhan,Boy,Class 8,21,11,Mr. Dev Chauhan,Mrs. Pooja Chauhan,7758524962,10521,226311919147,762931180122,B+
Zara Yadav,Girl,Class 8,22,13,Mr. Dhruv Yadav,Mrs. Myra Yadav,9381790276,10522,973005406337,265229463142,B+
Pooja Das,Girl,Class 8,23,12,Mr. Kunal Das,Mrs. Shruti Das,6295516679,10523,624509306979,682748277424,O-
Aditya Rajput,Boy,Class 8,24,13,Mr. Vihaan Rajput,Mrs. Meera Rajput,6825178970,10524,143165316949,614061192051,A-
Yash Chauhan,Boy,Class 8,25,12,Mr. Kabir Chauhan,Mrs. Anya Chauhan,8764375922,10525,161014962877,501458542673,A-
Rohan Pillai,Boy,Class 8,26,12,Mr. Kunal Pillai,Mrs. Kiara Pillai,7415547292,10526,633028336324,487195377201,AB+
Sanjay Das,Boy,Class 8,27,13,Mr. Kabir Das,Mrs. Ananya Das,8692586539,10527,884544011946,384644408950,B-
Aditi Pillai,Girl,Class 8,28,11,Mr. Aditya Pillai,Mrs. Myra Pillai,6112641085,10528,740221333568,849043559961,B-
Anjali Dubey,Girl,Class 8,29,11,Mr. Rajesh Dubey,Mrs. Zara Dubey,8471124182,10529,684749529856,550174272135,O+
Rohan Mishra,Boy,Class 8,30,13,Mr. Rahul Mishra,Mrs. Zara Mishra,9552552317,10530,995379255383,381153206599,B-
Krishna Singh,Boy,Class 8,31,11,Mr. Arjun Singh,Mrs. Aadhya Singh,6440318683,10531,564421388005,260715942332,O-
Neha Bose,Girl,Class 8,32,12,Mr. Aditya Bose,Mrs. Diya Bose,8161454287,10532,430253621357,343744236303,AB-
Dev Mukherjee,Boy,Class 8,33,12,Mr. Vikram Mukherjee,Mrs. Kiara Mukherjee,9468747075,10533,331051634316,116507903013,AB-
Tara Dubey,Girl,Class 8,34,11,Mr. Rishi Dubey,Mrs. Priya Dubey,7371329633,10534,297859222090,562244659953,A-
Tara Jain,Girl,Class 8,35,12,Mr. Dhruv Jain,Mrs. Saanvi Jain,6749589043,10535,652211701128,337522679566,O-
Sanjay Sharma,Boy,Class 8,36,12,Mr. Rajesh Sharma,Mrs. Aditi Sharma,9693132299,10536,810381243928,606785150516,AB+
Neha Singh,Girl,Class 8,37,13,Mr. Karan Singh,Mrs. Priya Singh,7363861804,10537,842393819701,538879723323,A-
Sai Das,Boy,Class 8,38,12,Mr. Sai Das,Mrs. Anjali Das,9820557380,10538,913817401596,343782765648,O+
Nisha Sharma,Girl,Class 8,39,13,Mr. Amit Sharma,Mrs. Riya Sharma,7604314165,10539,440751770082,412303987059,A-
Riya Kumar,Girl,Class 8,40,12,Mr. Rishi Kumar,Mrs. Riya Kumar,8142106364,10540,552533733120,108494471245,A-
Sanjay Iyer,Boy,Class 8,41,13,Mr. Yash Iyer,Mrs. Priya Iyer,7553758880,10541,297447573495,674086635497,B+
Dev Pillai,Boy,Class 8,42,13,Mr. Sai Pillai,Mrs. Tara Pillai,7491372924,10542,618783413245,160792693105,AB+
Swati Sharma,Girl,Class 8,43,11,Mr. Sanjay Sharma,Mrs. Ananya Sharma,6982226695,10543,340502970266,447664355532,A-
Tara Kumar,Girl,Class 8,44,13,Mr. Aarav Kumar,Mrs. Myra Kumar,6688522785,10544,736629470751,689704164852,AB-
Zara Reddy,Girl,Class 8,45,12,Mr. Yash Reddy,Mrs. Saanvi Reddy,6684408662,10545,340228682091,963676047341,O-
Rahul Rao,Boy,Class 8,46,12,Mr. Rajesh Rao,Mrs. Aditi Rao,9120111278,10546,168145530549,339662516714,O+
Kunal Nair,Boy,Class 8,47,13,Mr. Dhruv Nair,Mrs. Aadhya Nair,7322166744,10547,442738870993,902233459964,B-
Amit Sharma,Boy,Class 8,48,11,Mr. Vikram Sharma,Mrs. Kavya Sharma,6476815742,10548,141843177576,961544350395,B+
Shruti Mehta,Girl,Class 8,49,12,Mr. Dev Mehta,Mrs. Kiara Mehta,9788334138,10549,883009351956,322733632877,A-
Rishi Verma,Boy,Class 8,50,13,Mr. Kabir Verma,Mrs. Pooja Verma,8585708730,10550,381343698446,840488649925,A-
Karan Nair,Boy,Class 9,1,16,Mr. Amit Nair,Mrs. Neha Nair,9311978297,10551,993157034648,175347047108,B-
Dhruv Bose,Boy,Class 9,2,16,Mr. Dev Bose,Mrs. Neha Bose,6658119112,10552,374542514567,560222188014,B+
Sai Sharma,Boy,Class 9,3,14,Mr. Dev Sharma,Mrs. Neha Sharma,6268355493,10553,287756790140,665840786751,A-
Aarav Pillai,Boy,Class 9,4,14,Mr. Karan Pillai,Mrs. Meera Pillai,6624697277,10554,622846593992,641055787797,AB+
Saanvi Pandey,Girl,Class 9,5,14,Mr. Rishi Pandey,Mrs. Priya Pandey,7918468001,10555,641734100037,448444311060,AB-
Shruti Mishra,Girl,Class 9,6,15,Mr. Arjun Mishra,Mrs. Kiara Mishra,9949582440,10556,426554544457,267696928139,AB+
Meera Chauhan,Girl,Class 9,7,14,Mr. Aarav Chauhan,Mrs. Kavya Chauhan,6271400605,10557,155295776064,951151059273,AB+
Aditi Chauhan,Girl,Class 9,8,14,Mr. Aarav Chauhan,Mrs. Diya Chauhan,8371795987,10558,511536578799,664968165832,B+
Diya Nair,Girl,Class 9,9,16,Mr. Rishi Nair,Mrs. Kavya Nair,6160430886,10559,183514444596,739029783622,B-
Pooja Reddy,Girl,Class 9,10,14,Mr. Rohan Reddy,Mrs. Kavya Reddy,7412131963,10560,172828890262,766578680249,B-
Ananya Reddy,Girl,Class 9,11,16,Mr. Vihaan Reddy,Mrs. Meera Reddy,7247232882,10561,698707934778,779235816023,A-
Krishna Dubey,Boy,Class 9,12,16,Mr. Aarav Dubey,Mrs. Riya Dubey,7600453211,10562,525457129754,710669383444,A-
Riya Pillai,Girl,Class 9,13,16,Mr. Yash Pillai,Mrs. Swati Pillai,8659063607,10563,861971686738,557148453226,A-
Rishi Iyer,Boy,Class 9,14,15,Mr. Rahul Iyer,Mrs. Meera Iyer,8371126797,10564,573995096803,391350577490,O+
Surya Tiwari,Boy,Class 9,15,14,Mr. Yash Tiwari,Mrs. Anya Tiwari,9229507909,10565,995119809643,250359949630,O-
Vikram Pillai,Boy,Class 9,16,14,Mr. Dhruv Pillai,Mrs. Kavya Pillai,8785867546,10566,177384705399,425257561194,A+
Vikram Yadav,Boy,Class 9,17,14,Mr. Kunal Yadav,Mrs. Ananya Yadav,6129848385,10567,303394348768,829418594753,AB+
Anya Yadav,Girl,Class 9,18,15,Mr. Dev Yadav,Mrs. Meera Yadav,6373936975,10568,359176974289,852051373711,B-
Rajesh Reddy,Boy,Class 9,19,14,Mr. Sai Reddy,Mrs. Saanvi Reddy,6209780366,10569,631434354463,630172263185,B-
Nisha Nair,Girl,Class 9,20,16,Mr. Rahul Nair,Mrs. Pooja Nair,7406307892,10570,332048604793,712397874975,A-
Neha Pandey,Girl,Class 9,21,14,Mr. Aditya Pandey,Mrs. Aditi Pandey,9790424662,10571,683807594271,512572033376,O+
Vikram Rajput,Boy,Class 9,22,15,Mr. Rajesh Rajput,Mrs. Priya Rajput,9808950809,10572,210147258533,578430293643,O+
Pooja Bose,Girl,Class 9,23,14,Mr. Amit Bose,Mrs. Anjali Bose,9562247441,10573,563175647831,203681089523,B+
Rajesh Gupta,Boy,Class 9,24,16,Mr. Surya Gupta,Mrs. Ananya Gupta,6688586492,10574,593763346643,639673188591,AB-
Amit Yadav,Boy,Class 9,25,15,Mr. Krishna Yadav,Mrs. Shruti Yadav,7761462430,10575,372530109219,345630630143,B+
Kunal Rao,Boy,Class 9,26,14,Mr. Vikram Rao,Mrs. Pooja Rao,8814231287,10576,141839142147,274573787311,O-
Karan Mehta,Boy,Class 9,27,15,Mr. Sanjay Mehta,Mrs. Swati Mehta,8464892961,10577,154091789817,239560730519,AB+
Swati Bose,Girl,Class 9,28,14,Mr. Arjun Bose,Mrs. Tara Bose,9212452367,10578,962327611242,803252588319,B-
Kavya Reddy,Girl,Class 9,29,14,Mr. Rohan Reddy,Mrs. Myra Reddy,7974056049,10579,393098404716,122460148579,B-
Sanjay Ghosh,Boy,Class 9,30,15,Mr. Kunal Ghosh,Mrs. Tara Ghosh,9503334292,10580,303931223058,648946605597,O+
Aarav Bose,Boy,Class 9,31,14,Mr. Aditya Bose,Mrs. Pooja Bose,6529468723,10581,964923629107,650926249657,B-
Arjun Yadav,Boy,Class 9,32,14,Mr. Aditya Yadav,Mrs. Kiara Yadav,8326390670,10582,247600555015,879830913632,A-
Meera Dubey,Girl,Class 9,33,14,Mr. Surya Dubey,Mrs. Myra Dubey,7706172305,10583,546159161101,302399993486,A-
Meera Das,Girl,Class 9,34,16,Mr. Surya Das,Mrs. Diya Das,8570410651,10584,747920273279,897059079032,B-
Anya Ghosh,Girl,Class 9,35,14,Mr. Amit Ghosh,Mrs. Anya Ghosh,8658448750,10585,566404296922,789063060485,AB-
Diya Bose,Girl,Class 9,36,16,Mr. Sanjay Bose,Mrs. Riya Bose,8828831082,10586,680670874877,852786059777,B-
Dhruv Mishra,Boy,Class 9,37,14,Mr. Vihaan Mishra,Mrs. Pooja Mishra,8613804651,10587,460044950631,291960904025,AB+
Aditya Rao,Boy,Class 9,38,15,Mr. Rohan Rao,Mrs. Diya Rao,6673161763,10588,513488971244,254164777872,A+
Rahul Jain,Boy,Class 9,39,14,Mr. Surya Jain,Mrs. Nisha Jain,6758255835,10589,574104393967,976112692692,O+
Aadhya Pillai,Girl,Class 9,40,14,Mr. Surya Pillai,Mrs. Nisha Pillai,7799306681,10590,536930372336,578210953783,AB+
Anya Ghosh,Girl,Class 9,41,14,Mr. Aditya Ghosh,Mrs. Priya Ghosh,6844182630,10591,739993694627,769278266401,A+
Kunal Iyer,Boy,Class 9,42,16,Mr. Kabir Iyer,Mrs. Swati Iyer,8697318085,10592,158722106433,235228932002,A+
Kiara Dubey,Girl,Class 9,43,15,Mr. Yash Dubey,Mrs. Diya Dubey,6995943975,10593,389485598240,810251036884,O-
Vihaan Singh,Boy,Class 9,44,14,Mr. Kabir Singh,Mrs. Riya Singh,9827562596,10594,406313448512,272365001324,B+
Surya Pillai,Boy,Class 9,45,14,Mr. Rishi Pillai,Mrs. Nisha Pillai,7107266850,10595,156296447548,323924578285,O-
Karan Mehta,Boy,Class 9,46,14,Mr. Rishi Mehta,Mrs. Neha Mehta,7968682517,10596,810260237833,171421974831,B+
Krishna Gupta,Boy,Class 9,47,16,Mr. Surya Gupta,Mrs. Meera Gupta,9666486253,10597,485199541426,441882363627,AB+
Myra Singh,Girl,Class 9,48,15,Mr. Yash Singh,Mrs. Myra Singh,9160010224,10598,954172594770,500370907614,AB+
Neha Dubey,Girl,Class 9,49,16,Mr. Vikram Dubey,Mrs. Kiara Dubey,8502128456,10599,530550198191,583633131882,O+
Kavya Yadav,Girl,Class 9,50,16,Mr. Aditya Yadav,Mrs. Riya Yadav,8827543121,10600,516847784716,954472419518,B-
Nisha Verma,Girl,Class 10,1,16,Mr. Amit Verma,Mrs. Ananya Verma,7495657586,10601,130886242368,635068276024,A+
Surya Pandey,Boy,Class 10,2,14,Mr. Dev Pandey,Mrs. Priya Pandey,7489804210,10602,656194060745,339650444360,B-
Diya Bose,Girl,Class 10,3,16,Mr. Yash Bose,Mrs. Pooja Bose,8598114809,10603,191154533763,912413917455,A-
Ananya Mukherjee,Girl,Class 10,4,16,Mr. Rahul Mukherjee,Mrs. Saanvi Mukherjee,7542864741,10604,912038789485,932528033260,O-
Myra Tiwari,Girl,Class 10,5,16,Mr. Sanjay Tiwari,Mrs. Aditi Tiwari,6984460897,10605,847580244238,605868392382,B-
Sanjay Bose,Boy,Class 10,6,14,Mr. Sanjay Bose,Mrs. Riya Bose,6483765792,10606,560304924227,446963057043,O-
Rajesh Nair,Boy,Class 10,7,16,Mr. Arjun Nair,Mrs. Diya Nair,7438529996,10607,611769949689,719757457068,B+
Karan Singh,Boy,Class 10,8,16,Mr. Rohan Singh,Mrs. Priya Singh,6463795264,10608,390317762977,339874446094,O-
Neha Kumar,Girl,Class 10,9,16,Mr. Aditya Kumar,Mrs. Ananya Kumar,8125091891,10609,481841856550,740943034508,AB-
Krishna Mukherjee,Boy,Class 10,10,15,Mr. Aditya Mukherjee,Mrs. Aadhya Mukherjee,8565230896,10610,784443468988,152424442994,B+
Aarav Pandey,Boy,Class 10,11,16,Mr. Vikram Pandey,Mrs. Anjali Pandey,6916822623,10611,872962168025,314761144617,O-
Krishna Nair,Boy,Class 10,12,16,Mr. Rahul Nair,Mrs. Shruti Nair,8487783083,10612,174499503634,239389109084,AB+
Saanvi Rajput,Girl,Class 10,13,14,Mr. Rajesh Rajput,Mrs. Shruti Rajput,6821186239,10613,496580950955,793765152584,AB-
Krishna Mehta,Boy,Class 10,14,16,Mr. Krishna Mehta,Mrs. Anya Mehta,8505184527,10614,308354502666,255138132505,AB+
Kavya Dubey,Girl,Class 10,15,14,Mr. Dev Dubey,Mrs. Anjali Dubey,8315654377,10615,282442920806,169545099767,AB+
Karan Chauhan,Boy,Class 10,16,16,Mr. Vihaan Chauhan,Mrs. Kiara Chauhan,9217326637,10616,764798370959,287897595459,B-
Kiara Tiwari,Girl,Class 10,17,16,Mr. Rahul Tiwari,Mrs. Neha Tiwari,7685331184,10617,192802753829,193058130551,AB-
Rahul Jain,Boy,Class 10,18,16,Mr. Kunal Jain,Mrs. Priya Jain,7524317296,10618,385307102305,417825986956,O-
Myra Sharma,Girl,Class 10,19,15,Mr. Kabir Sharma,Mrs. Ananya Sharma,9453842324,10619,270377727338,557573427430,A-
Aarav Ghosh,Boy,Class 10,20,15,Mr. Sai Ghosh,Mrs. Swati Ghosh,7453492929,10620,179984014271,401448352017,A+
Kiara Sharma,Girl,Class 10,21,15,Mr. Arjun Sharma,Mrs. Priya Sharma,6546559329,10621,402261298906,806755659606,A+
Rishi Reddy,Boy,Class 10,22,14,Mr. Yash Reddy,Mrs. Aadhya Reddy,9472811543,10622,738350476890,800356360541,A+
Vihaan Verma,Boy,Class 10,23,16,Mr. Aarav Verma,Mrs. Kavya Verma,6463991726,10623,289304780020,417448883358,AB+
Tara Kumar,Girl,Class 10,24,16,Mr. Yash Kumar,Mrs. Anya Kumar,6411077598,10624,637721689435,104290804556,A-
Surya Rao,Boy,Class 10,25,14,Mr. Dev Rao,Mrs. Priya Rao,7989083746,10625,226056718007,241644309214,O-
Krishna Singh,Boy,Class 10,26,14,Mr. Yash Singh,Mrs. Saanvi Singh,9721264240,10626,958734162203,545742088866,O+
Aarav Gupta,Boy,Class 10,27,14,Mr. Rajesh Gupta,Mrs. Zara Gupta,6260995013,10627,265342580220,888898432221,AB+
Kiara Verma,Girl,Class 10,28,16,Mr. Dhruv Verma,Mrs. Meera Verma,7303004909,10628,537569519676,170304924128,AB-
Aarav Iyer,Boy,Class 10,29,16,Mr. Rishi Iyer,Mrs. Saanvi Iyer,8755245161,10629,849100718397,929305730866,O+
Ananya Jain,Girl,Class 10,30,14,Mr. Rajesh Jain,Mrs. Neha Jain,7863423017,10630,371356118400,360514608503,B-
Vikram Rao,Boy,Class 10,31,14,Mr. Sanjay Rao,Mrs. Meera Rao,8944114299,10631,948363231252,202123000627,B+
Kabir Rajput,Boy,Class 10,32,14,Mr. Aditya Rajput,Mrs. Riya Rajput,9202470241,10632,296604921981,956246612785,O+
Diya Mukherjee,Girl,Class 10,33,15,Mr. Vihaan Mukherjee,Mrs. Neha Mukherjee,9879000474,10633,208658383721,534526220831,B+
Neha Jain,Girl,Class 10,34,14,Mr. Rohan Jain,Mrs. Anjali Jain,9149967842,10634,953129059375,576535707169,A-
Kunal Rao,Boy,Class 10,35,16,Mr. Sanjay Rao,Mrs. Priya Rao,7205517389,10635,129651963605,553595385453,A-
Rishi Kumar,Boy,Class 10,36,15,Mr. Sai Kumar,Mrs. Meera Kumar,9497103651,10636,635667189153,904253457823,B-
Aarav Das,Boy,Class 10,37,16,Mr. Dhruv Das,Mrs. Kavya Das,9343096367,10637,846780102022,545888559027,B-
Kiara Yadav,Girl,Class 10,38,16,Mr. Rajesh Yadav,Mrs. Kavya Yadav,9962620450,10638,586945750731,766226450478,O-
Aditya Kumar,Boy,Class 10,39,15,Mr. Aarav Kumar,Mrs. Anya Kumar,6200632280,10639,632279778011,695612930283,AB-
Tara Jain,Girl,Class 10,40,15,Mr. Rahul Jain,Mrs. Kavya Jain,6760086603,10640,431579571882,827902583276,A+
Riya Sharma,Girl,Class 10,41,16,Mr. Rishi Sharma,Mrs. Aditi Sharma,9235896128,10641,826296435032,107620699475,O-
Vihaan Iyer,Boy,Class 10,42,14,Mr. Aarav Iyer,Mrs. Aditi Iyer,6693006051,10642,692158152511,844884734899,B+
Dev Bose,Boy,Class 10,43,15,Mr. Aditya Bose,Mrs. Riya Bose,8261916492,10643,188056219488,232647562199,O+
Anya Iyer,Girl,Class 10,44,16,Mr. Aditya Iyer,Mrs. Ananya Iyer,8892766580,10644,807466899688,714577762670,O+
Kabir Mukherjee,Boy,Class 10,45,15,Mr. Aditya Mukherjee,Mrs. Myra Mukherjee,8911268560,10645,551297171300,103898996882,A+
Myra Rajput,Girl,Class 10,46,15,Mr. Rishi Rajput,Mrs. Meera Rajput,9136963402,10646,458530352996,811036204334,B+
Tara Singh,Girl,Class 10,47,15,Mr. Vihaan Singh,Mrs. Shruti Singh,6181025406,10647,535423408866,709370108930,O-
Sai Dubey,Boy,Class 10,48,15,Mr. Rishi Dubey,Mrs. Diya Dubey,9132256872,10648,394946188276,914152178786,AB+
Dhruv Sharma,Boy,Class 10,49,16,Mr. Rohan Sharma,Mrs. Pooja Sharma,8495587770,10649,859538247283,344633079022,B-
Anya Iyer,Girl,Class 10,50,15,Mr. Aditya Iyer,Mrs. Saanvi Iyer,8222697342,10650,668035514973,517121415483,B-
Rajesh Dubey,Boy,Class 11,1,17,Mr. Amit Dubey,Mrs. Zara Dubey,7758373856,10651,100347520499,161068361065,O-
Anjali Nair,Girl,Class 11,2,17,Mr. Aditya Nair,Mrs. Nisha Nair,7701114162,10652,927554422349,124655858235,AB-
Neha Mukherjee,Girl,Class 11,3,17,Mr. Aditya Mukherjee,Mrs. Pooja Mukherjee,9191063996,10653,673737970497,936239409695,A-
Kunal Yadav,Boy,Class 11,4,18,Mr. Rahul Yadav,Mrs. Aditi Yadav,9142902026,10654,859034942482,605046891456,AB+
Myra Kumar,Girl,Class 11,5,17,Mr. Sai Kumar,Mrs. Swati Kumar,7622546169,10655,303950198621,755395825121,B-
Vikram Rao,Boy,Class 11,6,17,Mr. Yash Rao,Mrs. Pooja Rao,6164956169,10656,969149712450,251222555041,AB-
Rajesh Tiwari,Boy,Class 11,7,18,Mr. Dhruv Tiwari,Mrs. Anjali Tiwari,9907054507,10657,789527050398,570621766240,B-
Zara Kumar,Girl,Class 11,8,18,Mr. Vihaan Kumar,Mrs. Anjali Kumar,6273404893,10658,888896738583,457418261199,A-
Vihaan Jain,Boy,Class 11,9,16,Mr. Vikram Jain,Mrs. Kiara Jain,6202597355,10659,474263207465,984535796956,B-
Neha Tiwari,Girl,Class 11,10,18,Mr. Surya Tiwari,Mrs. Shruti Tiwari,6948112014,10660,738278700636,371630754756,O+
Rishi Gupta,Boy,Class 11,11,16,Mr. Yash Gupta,Mrs. Diya Gupta,7816038848,10661,356586191125,231532346197,A+
Surya Verma,Boy,Class 11,12,17,Mr. Dev Verma,Mrs. Anya Verma,6813108539,10662,700021434097,950016841497,A+
Diya Reddy,Girl,Class 11,13,18,Mr. Dhruv Reddy,Mrs. Riya Reddy,9436168066,10663,608087889807,389636386895,O-
Yash Nair,Boy,Class 11,14,16,Mr. Dhruv Nair,Mrs. Nisha Nair,6232260521,10664,438323066658,386936111186,B+
Kavya Mukherjee,Girl,Class 11,15,17,Mr. Sanjay Mukherjee,Mrs. Riya Mukherjee,6662512792,10665,848266730773,378010476309,O+
Rishi Jain,Boy,Class 11,16,17,Mr. Aarav Jain,Mrs. Riya Jain,9642261677,10666,641084888471,777089247391,O-
Kunal Reddy,Boy,Class 11,17,18,Mr. Rohan Reddy,Mrs. Riya Reddy,7699272851,10667,179908241618,816031625778,B-
Vikram Yadav,Boy,Class 11,18,17,Mr. Krishna Yadav,Mrs. Shruti Yadav,7339041853,10668,989033247278,144491506941,AB-
Sanjay Iyer,Boy,Class 11,19,17,Mr. Sai Iyer,Mrs. Saanvi Iyer,7514563839,10669,388050755142,165128495166,AB+
Kavya Pandey,Girl,Class 11,20,18,Mr. Vikram Pandey,Mrs. Neha Pandey,9148800260,10670,464562284609,710597078837,B+
Riya Iyer,Girl,Class 11,21,17,Mr. Arjun Iyer,Mrs. Kiara Iyer,9241550850,10671,702093046767,235267388105,A+
Anya Singh,Girl,Class 11,22,17,Mr. Karan Singh,Mrs. Diya Singh,6376319650,10672,731931995169,314845602537,O-
Yash Rao,Boy,Class 11,23,18,Mr. Vikram Rao,Mrs. Nisha Rao,7505352647,10673,616999234614,456375052614,A-
Saanvi Verma,Girl,Class 11,24,17,Mr. Sai Verma,Mrs. Meera Verma,8425554146,10674,656007405394,108130615640,B+
Kunal Iyer,Boy,Class 11,25,16,Mr. Rohan Iyer,Mrs. Shruti Iyer,8401890423,10675,449716603117,478714231349,AB-
Anya Yadav,Girl,Class 11,26,17,Mr. Aarav Yadav,Mrs. Saanvi Yadav,7854238995,10676,933142654186,749601336379,AB+
Shruti Dubey,Girl,Class 11,27,17,Mr. Kunal Dubey,Mrs. Swati Dubey,6897437939,10677,754770351292,963682022978,B-
Neha Ghosh,Girl,Class 11,28,16,Mr. Yash Ghosh,Mrs. Meera Ghosh,9678062301,10678,557635586143,347897758467,A+
Amit Mukherjee,Boy,Class 11,29,17,Mr. Kunal Mukherjee,Mrs. Riya Mukherjee,6978721951,10679,963424399001,329855734266,B-
Rahul Tiwari,Boy,Class 11,30,17,Mr. Arjun Tiwari,Mrs. Nisha Tiwari,6374297402,10680,291127219590,960477889806,O-
Aditi Pandey,Girl,Class 11,31,18,Mr. Kabir Pandey,Mrs. Anjali Pandey,9845622736,10681,622821078033,370801195106,AB-
Riya Sharma,Girl,Class 11,32,17,Mr. Kabir Sharma,Mrs. Ananya Sharma,7178304203,10682,201991030463,409431763397,A-
Vikram Reddy,Boy,Class 11,33,17,Mr. Kabir Reddy,Mrs. Ananya Reddy,9136984218,10683,945840091735,868338925769,O+
Saanvi Chauhan,Girl,Class 11,34,16,Mr. Sai Chauhan,Mrs. Aditi Chauhan,9123426108,10684,507375466607,412418836723,O-
Arjun Iyer,Boy,Class 11,35,16,Mr. Surya Iyer,Mrs. Diya Iyer,7252528541,10685,250817890635,580023937432,B+
Anya Iyer,Girl,Class 11,36,18,Mr. Kabir Iyer,Mrs. Priya Iyer,6896862535,10686,868377083993,419201876002,A+
Krishna Nair,Boy,Class 11,37,18,Mr. Vikram Nair,Mrs. Pooja Nair,7289007778,10687,980371690723,239109814210,AB-
Ananya Yadav,Girl,Class 11,38,17,Mr. Rajesh Yadav,Mrs. Ananya Yadav,9965182166,10688,605170448281,608937932651,AB+
Aditya Patel,Boy,Class 11,39,16,Mr. Dev Patel,Mrs. Anya Patel,9722568410,10689,264796991345,918074572631,B+
Krishna Reddy,Boy,Class 11,40,17,Mr. Yash Reddy,Mrs. Tara Reddy,6598650916,10690,306562274431,641759961404,O+
Zara Pandey,Girl,Class 11,41,18,Mr. Krishna Pandey,Mrs. Priya Pandey,9355727233,10691,146480360863,742536720284,B-
Priya Rajput,Girl,Class 11,42,18,Mr. Yash Rajput,Mrs. Zara Rajput,9500325575,10692,122161786959,373469780133,A+
Karan Kumar,Boy,Class 11,43,16,Mr. Rajesh Kumar,Mrs. Anjali Kumar,9291827111,10693,554849931286,295491548414,O+
Rohan Reddy,Boy,Class 11,44,16,Mr. Surya Reddy,Mrs. Aadhya Reddy,6185640445,10694,807792292961,474866304286,AB-
Sai Dubey,Boy,Class 11,45,18,Mr. Amit Dubey,Mrs. Riya Dubey,9403437438,10695,818541500127,895391749205,B+
Aarav Patel,Boy,Class 11,46,18,Mr. Rohan Patel,Mrs. Ananya Patel,8449198321,10696,309755659412,167841978492,AB+
Anjali Pillai,Girl,Class 11,47,17,Mr. Rahul Pillai,Mrs. Anya Pillai,8942300301,10697,882715433498,859652039993,AB+
Aditi Das,Girl,Class 11,48,16,Mr. Yash Das,Mrs. Aditi Das,6269068982,10698,956885776845,622827882905,AB-
Rohan Dubey,Boy,Class 11,49,18,Mr. Rajesh Dubey,Mrs. Tara Dubey,7450171761,10699,340058086054,200579533396,A-
Anya Mishra,Girl,Class 11,50,17,Mr. Dev Mishra,Mrs. Anya Mishra,8197572832,10700,946970685931,609258102179,A+
Aadhya Mehta,Girl,Class 12,1,17,Mr. Sai Mehta,Mrs. Shruti Mehta,7244359746,10701,180618224949,505453514702,AB+
Kunal Bose,Boy,Class 12,2,18,Mr. Aditya Bose,Mrs. Shruti Bose,9894915617,10702,498631125466,147492860763,B-
Priya Mukherjee,Girl,Class 12,3,16,Mr. Aditya Mukherjee,Mrs. Tara Mukherjee,7677151066,10703,959288875415,370177450184,O-
Swati Gupta,Girl,Class 12,4,18,Mr. Yash Gupta,Mrs. Neha Gupta,7874913118,10704,689010973351,363098818287,O+
Tara Rao,Girl,Class 12,5,16,Mr. Vikram Rao,Mrs. Aditi Rao,8309697242,10705,783390007954,389798772514,B+
Aditi Jain,Girl,Class 12,6,16,Mr. Rajesh Jain,Mrs. Swati Jain,9177305411,10706,537467307206,787739052749,AB+
Krishna Rajput,Boy,Class 12,7,17,Mr. Amit Rajput,Mrs. Kavya Rajput,6412671522,10707,354443213933,894072197019,O-
Dev Bose,Boy,Class 12,8,16,Mr. Kunal Bose,Mrs. Swati Bose,7664562850,10708,497360466431,791679417195,A-
Diya Singh,Girl,Class 12,9,18,Mr. Rahul Singh,Mrs. Zara Singh,7676029494,10709,749700311046,811063120439,A-
Aditi Mukherjee,Girl,Class 12,10,18,Mr. Sai Mukherjee,Mrs. Diya Mukherjee,7813177909,10710,534529160168,386165296587,B+
Priya Bose,Girl,Class 12,11,18,Mr. Rahul Bose,Mrs. Neha Bose,6790015147,10711,873416211697,964125343280,AB+
Saanvi Iyer,Girl,Class 12,12,16,Mr. Dhruv Iyer,Mrs. Kiara Iyer,8646772919,10712,260417363666,505567123112,A+
Tara Nair,Girl,Class 12,13,16,Mr. Rajesh Nair,Mrs. Tara Nair,8351596225,10713,627903449873,202798209559,A+
Sanjay Kumar,Boy,Class 12,14,17,Mr. Kunal Kumar,Mrs. Ananya Kumar,7221358033,10714,436765798832,182478520600,O+
Priya Ghosh,Girl,Class 12,15,17,Mr. Aarav Ghosh,Mrs. Anjali Ghosh,9778807156,10715,589853034434,684984472268,O+
Kiara Mehta,Girl,Class 12,16,16,Mr. Yash Mehta,Mrs. Kavya Mehta,9997712556,10716,952811242076,244427733749,AB-
Rahul Dubey,Boy,Class 12,17,16,Mr. Surya Dubey,Mrs. Meera Dubey,8699096776,10717,298536222104,437958966180,B-
Aadhya Kumar,Girl,Class 12,18,17,Mr. Rohan Kumar,Mrs. Aadhya Kumar,6416913537,10718,631099469916,786232541163,B+
Aadhya Nair,Girl,Class 12,19,16,Mr. Rohan Nair,Mrs. Diya Nair,9124897168,10719,919082171956,614905969941,AB-
Arjun Iyer,Boy,Class 12,20,17,Mr. Rohan Iyer,Mrs. Tara Iyer,9799638235,10720,146860488116,522433012661,A+
Amit Iyer,Boy,Class 12,21,17,Mr. Surya Iyer,Mrs. Ananya Iyer,9243656289,10721,598211101280,910455413342,B+
Neha Reddy,Girl,Class 12,22,18,Mr. Surya Reddy,Mrs. Anya Reddy,7314426795,10722,762274517193,419683180843,AB-
Kunal Mukherjee,Boy,Class 12,23,18,Mr. Sanjay Mukherjee,Mrs. Meera Mukherjee,8261846764,10723,591505305233,993961646774,A+
Karan Mehta,Boy,Class 12,24,16,Mr. Yash Mehta,Mrs. Pooja Mehta,6805393838,10724,443201864977,549659625432,B-
Kunal Yadav,Boy,Class 12,25,16,Mr. Aditya Yadav,Mrs. Kavya Yadav,6813879936,10725,947523094319,244649381853,A+
Tara Kumar,Girl,Class 12,26,16,Mr. Aditya Kumar,Mrs. Aditi Kumar,8953205599,10726,837061774624,395538770438,B+
Rahul Das,Boy,Class 12,27,16,Mr. Rajesh Das,Mrs. Saanvi Das,7925493534,10727,559042002710,120239143137,O-
Dhruv Gupta,Boy,Class 12,28,17,Mr. Amit Gupta,Mrs. Zara Gupta,8600128149,10728,134818983732,176703690575,B-
Karan Ghosh,Boy,Class 12,29,16,Mr. Vihaan Ghosh,Mrs. Riya Ghosh,8709453842,10729,952260026627,506591736412,A-
Surya Mehta,Boy,Class 12,30,17,Mr. Dev Mehta,Mrs. Anya Mehta,7956459083,10730,124534391468,559321809268,O+
Aarav Yadav,Boy,Class 12,31,17,Mr. Kunal Yadav,Mrs. Zara Yadav,7877905269,10731,622009841150,786261588946,B+
Dev Tiwari,Boy,Class 12,32,17,Mr. Rohan Tiwari,Mrs. Pooja Tiwari,8223296937,10732,784557515665,831440790307,O+
Vihaan Bose,Boy,Class 12,33,18,Mr. Kunal Bose,Mrs. Zara Bose,6579858022,10733,332381124947,811085350498,O-
Amit Iyer,Boy,Class 12,34,18,Mr. Vikram Iyer,Mrs. Shruti Iyer,6162072741,10734,506761396664,738627143351,B+
Kiara Kumar,Girl,Class 12,35,16,Mr. Aditya Kumar,Mrs. Anjali Kumar,6507966699,10735,297427153942,366686449759,B-
Dev Verma,Boy,Class 12,36,17,Mr. Rohan Verma,Mrs. Myra Verma,9532815407,10736,809073829799,743145004453,AB-
Yash Reddy,Boy,Class 12,37,18,Mr. Vikram Reddy,Mrs. Ananya Reddy,9297178237,10737,547220228973,347025897305,B+
Myra Yadav,Girl,Class 12,38,16,Mr. Karan Yadav,Mrs. Kavya Yadav,7407154065,10738,916183049679,525645278478,O-
Saanvi Mishra,Girl,Class 12,39,17,Mr. Rajesh Mishra,Mrs. Kavya Mishra,6104763838,10739,573000978655,225232988613,AB-
Krishna Patel,Boy,Class 12,40,18,Mr. Surya Patel,Mrs. Myra Patel,7119456405,10740,111390434362,672035503574,O-
Saanvi Bose,Girl,Class 12,41,16,Mr. Krishna Bose,Mrs. Aadhya Bose,6337529321,10741,919324932511,773767537417,AB-
Nisha Rao,Girl,Class 12,42,18,Mr. Sanjay Rao,Mrs. Meera Rao,9834443115,10742,483914775511,761419132635,A+
Swati Ghosh,Girl,Class 12,43,16,Mr. Aditya Ghosh,Mrs. Swati Ghosh,6234088713,10743,797522714897,891601203301,B+
Rohan Jain,Boy,Class 12,44,17,Mr. Kunal Jain,Mrs. Tara Jain,8600089576,10744,663794192064,796756173505,O-
Aadhya Pillai,Girl,Class 12,45,17,Mr. Amit Pillai,Mrs. Tara Pillai,8947847183,10745,399888708408,739840320082,O+
Kavya Rao,Girl,Class 12,46,17,Mr. Vikram Rao,Mrs. Meera Rao,9251800452,10746,950974391177,615053353542,O+
Shruti Singh,Girl,Class 12,47,17,Mr. Kunal Singh,Mrs. Meera Singh,8252592594,10747,285433404033,596810615744,B+
Krishna Pillai,Boy,Class 12,48,16,Mr. Karan Pillai,Mrs. Kavya Pillai,7621957808,10748,371319119234,283897143532,A+
Tara Pandey,Girl,Class 12,49,16,Mr. Rahul Pandey,Mrs. Tara Pandey,6940382685,10749,648751463160,681170132741,B-
Rishi Mishra,Boy,Class 12,50,16,Mr. Dev Mishra,Mrs. Neha Mishra,6567794379,10750,744511956565,871919633979,AB+
